[2025-09-06 15:43:34] [CFChecker] INFO: 🛡️ Cloudflare Checker initialized
[2025-09-06 15:43:34] [CFChecker] INFO: 🚀 CF Checker session initialized
[2025-09-06 15:43:34] [discord_bot] [32mINFO[0m: ✅ Loaded: Detection_Cog
[2025-09-06 15:43:34] [discord_bot] [32mINFO[0m: Extension loading complete: 4 loaded, 0 failed
[2025-09-06 15:43:34] [discord_bot] [32mINFO[0m: Bot setup completed
[2025-09-06 15:43:34] [discord_bot] DEBUG: Cleanup task executed
[2025-09-06 15:43:34] [discord_bot] [32mINFO[0m: Database backed up to backups/backup_20250906.json
[2025-09-06 15:43:35] [discord.gateway] INFO: Shard ID None has connected to Gateway (Session ID: 77b62d55284c977d5ee2867e0ed658f8).
[2025-09-06 15:43:37] [discord_bot] [32mINFO[0m: ✅ Logged in as natsu#8011 (ID: 1309808442751455243)
[2025-09-06 15:43:38] [discord_bot] [32mINFO[0m: ✅ Synced 6 global commands
[2025-09-06 15:43:38] [discord_bot] DEBUG: Command sync took 495.64ms
[2025-09-06 15:43:38] [discord_bot] [32mINFO[0m: Connected to 4 guilds:
[2025-09-06 15:43:38] [discord_bot] [32mINFO[0m:   • kirigakure: the hidden mist village (1331194168218751100) - 24 members
[2025-09-06 15:43:38] [discord_bot] [32mINFO[0m:   • ⚛  🎀  𝒮𝐸𝒢𝒢𝒴  🎀  ⚛ (1373276652796121210) - 24 members
[2025-09-06 15:43:38] [discord_bot] [32mINFO[0m:   • Raiduuuuwu (1306841087490392145) - 11 members
[2025-09-06 15:43:38] [discord_bot] [32mINFO[0m:   • gamer 1 (1303326543069708329) - 7 members
[2025-09-06 15:44:03] [CFChecker] INFO: 🔥 Starting comprehensive CF/CAPTCHA check
[2025-09-06 15:44:03] [CFChecker] INFO: 🌐 Testing Rule34.xxx: https://rule34.xxx/index.php
[2025-09-06 15:44:05] [CFChecker] INFO: 📊 Rule34.xxx: ✅ CLEAR - Status 200
[2025-09-06 15:44:06] [CFChecker] INFO: 🌐 Testing Rule34 API: https://api.rule34.xxx/index.php
[2025-09-06 15:44:06] [CFChecker] INFO: 📊 Rule34 API: ✅ CLEAR - Status 200
[2025-09-06 15:44:07] [CFChecker] INFO: 🌐 Testing Gelbooru: https://gelbooru.com/index.php
[2025-09-06 15:44:07] [CFChecker] INFO: 📊 Gelbooru: ✅ CLEAR - Status 200
[2025-09-06 15:44:08] [CFChecker] INFO: 🌐 Testing Danbooru: https://danbooru.donmai.us/posts.json
[2025-09-06 15:44:08] [CFChecker] INFO: 📊 Danbooru: 🚫 BLOCKED - Status 403
[2025-09-06 15:44:08] [CFChecker] WARNING: ⚠️ Danbooru - challenge_page: ['challenge-platform']
[2025-09-06 15:44:10] [CFChecker] INFO: 🌐 Testing E621: https://e621.net/posts.json
[2025-09-06 15:44:11] [CFChecker] INFO: 📊 E621: ✅ CLEAR - Status 200
[2025-09-06 15:44:12] [CFChecker] INFO: 🌐 Testing Safebooru: https://safebooru.org/index.php
[2025-09-06 15:44:13] [CFChecker] INFO: 📊 Safebooru: 🔶 DETECTED - Status 200
[2025-09-06 15:44:13] [CFChecker] WARNING: ⚠️ Safebooru - cloudflare_basic: ['cloudflare']
[2025-09-06 15:44:14] [CFChecker] INFO: 🌐 Testing Sankaku: https://capi-v2.sankakucomplex.com/posts
[2025-09-06 15:44:15] [CFChecker] ERROR: 💥 Sankaku - Error: Server disconnected
[2025-09-06 15:44:16] [CFChecker] INFO: 🌐 Testing Google: https://www.google.com
[2025-09-06 15:44:17] [CFChecker] INFO: 📊 Google: ✅ CLEAR - Status 200
[2025-09-06 15:44:18] [CFChecker] INFO: 🌐 Testing Httpbin: https://httpbin.org/get
[2025-09-06 15:44:19] [CFChecker] INFO: 📊 Httpbin: ✅ CLEAR - Status 200
[2025-09-06 15:44:20] [CFChecker] INFO: ✅ CF check complete - 9 sites tested
[2025-09-06 15:45:14] [CFChecker] INFO: 🌐 Testing Rule34.xxx: https://rule34.xxx/index.php
[2025-09-06 15:45:21] [CFChecker] INFO: 📊 Rule34.xxx: ✅ CLEAR - Status 200
[2025-09-06 15:48:34] [discord_bot] DEBUG: Cleanup task executed
[2025-09-06 15:51:10] [CFChecker] INFO: 🛡️ Cloudflare Checker initialized
[2025-09-06 15:51:10] [CFChecker] INFO: 🚀 CF Checker session initialized
[2025-09-06 15:51:10] [discord_bot] [32mINFO[0m: ✅ Loaded: Detection_Cog
[2025-09-06 15:51:10] [discord_bot] [32mINFO[0m: ✅ Loaded: rule34commands
[2025-09-06 15:51:10] [discord_bot] [32mINFO[0m: ✅ Loaded: nsfwinder
[2025-09-06 15:51:10] [discord_bot] [32mINFO[0m: Extension loading complete: 4 loaded, 0 failed
[2025-09-06 15:51:10] [discord_bot] [32mINFO[0m: Bot setup completed
[2025-09-06 15:51:10] [discord_bot] DEBUG: Cleanup task executed
[2025-09-06 15:51:10] [discord_bot] [32mINFO[0m: Database backed up to backups/backup_20250906.json
[2025-09-06 15:51:11] [discord.gateway] INFO: Shard ID None has connected to Gateway (Session ID: 8b8e8c438615fe0c9510d1a1a539c2dd).
[2025-09-06 15:51:13] [discord_bot] [32mINFO[0m: ✅ Logged in as natsu#8011 (ID: 1309808442751455243)
[2025-09-06 15:51:13] [discord_bot] [32mINFO[0m: ✅ Synced 6 global commands
[2025-09-06 15:51:13] [discord_bot] DEBUG: Command sync took 457.03ms
[2025-09-06 15:51:13] [discord_bot] [32mINFO[0m: Connected to 4 guilds:
[2025-09-06 15:51:13] [discord_bot] [32mINFO[0m:   • kirigakure: the hidden mist village (1331194168218751100) - 24 members
[2025-09-06 15:51:13] [discord_bot] [32mINFO[0m:   • ⚛  🎀  𝒮𝐸𝒢𝒢𝒴  🎀  ⚛ (1373276652796121210) - 24 members
[2025-09-06 15:51:13] [discord_bot] [32mINFO[0m:   • Raiduuuuwu (1306841087490392145) - 11 members
[2025-09-06 15:51:13] [discord_bot] [32mINFO[0m:   • gamer 1 (1303326543069708329) - 7 members
[2025-09-06 15:53:53] [CFChecker] INFO: 🛡️ Cloudflare Checker initialized
[2025-09-06 15:53:53] [CFChecker] INFO: 🚀 CF Checker session initialized
[2025-09-06 15:53:53] [discord_bot] [32mINFO[0m: ✅ Loaded: Detection_Cog
[2025-09-06 15:53:53] [discord_bot] [32mINFO[0m: ✅ Loaded: nsfwinder
[2025-09-06 15:53:53] [Rule34Debug] INFO: 🔧 Rule34 Debug version initialized
[2025-09-06 15:53:53] [Rule34Debug] INFO: 🚀 Rule34 Debug session initialized
[2025-09-06 15:53:53] [discord_bot] [32mINFO[0m: ✅ Loaded: instructor
[2025-09-06 15:53:53] [discord_bot] [31mERROR[0m: ❌ Failed to load rule34commands: Extension 'cogs.rule34commands' raised an error: CommandRegistrationError: The command r34help is already an existing command or alias.
[2025-09-06 15:53:53] [discord_bot] [32mINFO[0m: Extension loading complete: 4 loaded, 1 failed
[2025-09-06 15:53:53] [discord_bot] [33mWARNING[0m: Failed cogs: rule34commands
[2025-09-06 15:53:53] [discord_bot] [32mINFO[0m: Bot setup completed
[2025-09-06 15:53:53] [discord_bot] DEBUG: Cleanup task executed
[2025-09-06 15:53:53] [discord_bot] [32mINFO[0m: Database backed up to backups/backup_20250906.json
[2025-09-06 15:53:55] [discord.gateway] INFO: Shard ID None has connected to Gateway (Session ID: 89c3dd3319015a720b200dccb9628714).
[2025-09-06 15:53:57] [discord_bot] [32mINFO[0m: ✅ Logged in as natsu#8011 (ID: 1309808442751455243)
[2025-09-06 15:53:57] [discord_bot] [32mINFO[0m: ✅ Synced 6 global commands
[2025-09-06 15:53:57] [discord_bot] DEBUG: Command sync took 425.70ms
[2025-09-06 15:53:57] [discord_bot] [32mINFO[0m: Connected to 4 guilds:
[2025-09-06 15:53:57] [discord_bot] [32mINFO[0m:   • kirigakure: the hidden mist village (1331194168218751100) - 24 members
[2025-09-06 15:53:57] [discord_bot] [32mINFO[0m:   • ⚛  🎀  𝒮𝐸𝒢𝒢𝒴  🎀  ⚛ (1373276652796121210) - 24 members
[2025-09-06 15:53:57] [discord_bot] [32mINFO[0m:   • Raiduuuuwu (1306841087490392145) - 11 members
[2025-09-06 15:53:57] [discord_bot] [32mINFO[0m:   • gamer 1 (1303326543069708329) - 7 members
[2025-09-06 15:56:57] [CFChecker] INFO: 🛡️ Cloudflare Checker initialized
[2025-09-06 15:56:57] [CFChecker] INFO: 🚀 CF Checker session initialized
[2025-09-06 15:56:57] [discord_bot] [32mINFO[0m: ✅ Loaded: Detection_Cog
[2025-09-06 15:56:57] [discord_bot] [32mINFO[0m: ✅ Loaded: nsfwinder
[2025-09-06 15:56:57] [Rule34Debug] INFO: 🔧 Rule34 Debug version initialized
[2025-09-06 15:56:57] [Rule34Debug] INFO: 🚀 Rule34 Debug session initialized
[2025-09-06 15:56:57] [discord_bot] [32mINFO[0m: ✅ Loaded: instructor
[2025-09-06 15:56:57] [discord_bot] [31mERROR[0m: ❌ Failed to load rule34commands: Extension 'cogs.rule34commands' raised an error: CommandRegistrationError: The command r34help is already an existing command or alias.
[2025-09-06 15:56:57] [discord_bot] [32mINFO[0m: Extension loading complete: 4 loaded, 1 failed
[2025-09-06 15:56:57] [discord_bot] [33mWARNING[0m: Failed cogs: rule34commands
[2025-09-06 15:56:57] [discord_bot] [32mINFO[0m: Bot setup completed
[2025-09-06 15:56:57] [discord_bot] DEBUG: Cleanup task executed
[2025-09-06 15:56:57] [discord_bot] [32mINFO[0m: Database backed up to backups/backup_20250906.json
[2025-09-06 15:56:58] [discord.gateway] INFO: Shard ID None has connected to Gateway (Session ID: 118be291845788c83c296acc7091a9d6).
[2025-09-06 15:57:00] [discord_bot] [32mINFO[0m: ✅ Logged in as natsu#8011 (ID: 1309808442751455243)
[2025-09-06 15:57:00] [discord_bot] [32mINFO[0m: ✅ Synced 6 global commands
[2025-09-06 15:57:00] [discord_bot] DEBUG: Command sync took 457.75ms
[2025-09-06 15:57:00] [discord_bot] [32mINFO[0m: Connected to 4 guilds:
[2025-09-06 15:57:00] [discord_bot] [32mINFO[0m:   • kirigakure: the hidden mist village (1331194168218751100) - 24 members
[2025-09-06 15:57:00] [discord_bot] [32mINFO[0m:   • ⚛  🎀  𝒮𝐸𝒢𝒢𝒴  🎀  ⚛ (1373276652796121210) - 24 members
[2025-09-06 15:57:00] [discord_bot] [32mINFO[0m:   • Raiduuuuwu (1306841087490392145) - 11 members
[2025-09-06 15:57:00] [discord_bot] [32mINFO[0m:   • gamer 1 (1303326543069708329) - 7 members
[2025-09-06 15:58:56] [CFChecker] INFO: 🛡️ Cloudflare Checker initialized
[2025-09-06 15:58:56] [CFChecker] INFO: 🚀 CF Checker session initialized
[2025-09-06 15:58:56] [discord_bot] [32mINFO[0m: ✅ Loaded: Detection_Cog
[2025-09-06 15:58:56] [discord_bot] [32mINFO[0m: ✅ Loaded: nsfwinder
[2025-09-06 15:58:56] [discord_bot] [32mINFO[0m: ✅ Loaded: rule34commands
[2025-09-06 15:58:56] [Rule34Debug] INFO: 🔧 Rule34 Debug version initialized
[2025-09-06 15:58:56] [Rule34Debug] INFO: 🚀 Rule34 Debug session initialized
[2025-09-06 15:58:56] [discord_bot] [32mINFO[0m: ✅ Loaded: instructor
[2025-09-06 15:58:56] [discord_bot] [32mINFO[0m: Extension loading complete: 5 loaded, 0 failed
[2025-09-06 15:58:56] [discord_bot] [32mINFO[0m: Bot setup completed
[2025-09-06 15:58:56] [discord_bot] DEBUG: Cleanup task executed
[2025-09-06 15:58:56] [discord_bot] [32mINFO[0m: Database backed up to backups/backup_20250906.json
[2025-09-06 15:58:57] [discord.gateway] INFO: Shard ID None has connected to Gateway (Session ID: b163d1c67cd7edb2b36ace70632fe8ed).
[2025-09-06 15:58:59] [discord_bot] [32mINFO[0m: ✅ Logged in as natsu#8011 (ID: 1309808442751455243)
[2025-09-06 15:59:00] [discord_bot] [32mINFO[0m: ✅ Synced 6 global commands
[2025-09-06 15:59:00] [discord_bot] DEBUG: Command sync took 459.21ms
[2025-09-06 15:59:00] [discord_bot] [32mINFO[0m: Connected to 4 guilds:
[2025-09-06 15:59:00] [discord_bot] [32mINFO[0m:   • kirigakure: the hidden mist village (1331194168218751100) - 24 members
[2025-09-06 15:59:00] [discord_bot] [32mINFO[0m:   • ⚛  🎀  𝒮𝐸𝒢𝒢𝒴  🎀  ⚛ (1373276652796121210) - 24 members
[2025-09-06 15:59:00] [discord_bot] [32mINFO[0m:   • Raiduuuuwu (1306841087490392145) - 11 members
[2025-09-06 15:59:00] [discord_bot] [32mINFO[0m:   • gamer 1 (1303326543069708329) - 7 members
[2025-09-06 16:04:18] [CFChecker] INFO: 🛡️ Cloudflare Checker initialized
[2025-09-06 16:04:18] [CFChecker] INFO: 🚀 CF Checker session initialized
[2025-09-06 16:04:18] [discord_bot] [32mINFO[0m: ✅ Loaded: Detection_Cog
[2025-09-06 16:04:18] [Rule34Debug] INFO: 🔧 Rule34 Debug version initialized
[2025-09-06 16:04:18] [Rule34Debug] INFO: 🚀 Rule34 Debug session initialized
[2025-09-06 16:04:18] [discord_bot] [32mINFO[0m: ✅ Loaded: instructor
[2025-09-06 16:04:18] [discord_bot] [32mINFO[0m: ✅ Loaded: r34
[2025-09-06 16:04:18] [discord_bot] [32mINFO[0m: Extension loading complete: 4 loaded, 0 failed
[2025-09-06 16:04:18] [discord_bot] [32mINFO[0m: Bot setup completed
[2025-09-06 16:04:18] [discord_bot] DEBUG: Cleanup task executed
[2025-09-06 16:04:18] [discord_bot] [32mINFO[0m: Database backed up to backups/backup_20250906.json
[2025-09-06 16:04:19] [discord.gateway] INFO: Shard ID None has connected to Gateway (Session ID: 8d6d999dc91100d0f0a58df3718e95c9).
[2025-09-06 16:04:21] [discord_bot] [32mINFO[0m: ✅ Logged in as natsu#8011 (ID: 1309808442751455243)
[2025-09-06 16:04:22] [discord_bot] [32mINFO[0m: ✅ Synced 5 global commands
[2025-09-06 16:04:22] [discord_bot] DEBUG: Command sync took 608.23ms
[2025-09-06 16:04:22] [discord_bot] [32mINFO[0m: Connected to 4 guilds:
[2025-09-06 16:04:22] [discord_bot] [32mINFO[0m:   • kirigakure: the hidden mist village (1331194168218751100) - 24 members
[2025-09-06 16:04:22] [discord_bot] [32mINFO[0m:   • ⚛  🎀  𝒮𝐸𝒢𝒢𝒴  🎀  ⚛ (1373276652796121210) - 24 members
[2025-09-06 16:04:22] [discord_bot] [32mINFO[0m:   • Raiduuuuwu (1306841087490392145) - 11 members
[2025-09-06 16:04:22] [discord_bot] [32mINFO[0m:   • gamer 1 (1303326543069708329) - 7 members
[2025-09-06 16:09:18] [discord_bot] DEBUG: Cleanup task executed
[2025-09-06 16:14:18] [discord_bot] DEBUG: Cleanup task executed
[2025-09-06 16:19:18] [discord_bot] DEBUG: Cleanup task executed
[2025-09-06 16:23:22] [CFChecker] INFO: 🛡️ Cloudflare Checker initialized
[2025-09-06 16:23:22] [CFChecker] INFO: 🚀 CF Checker session initialized
[2025-09-06 16:23:22] [discord_bot] [32mINFO[0m: ✅ Loaded: Detection_Cog
[2025-09-06 16:23:22] [Rule34Debug] INFO: 🔧 Rule34 Debug version initialized
[2025-09-06 16:23:22] [Rule34Debug] INFO: 🚀 Rule34 Debug session initialized
[2025-09-06 16:23:22] [discord_bot] [32mINFO[0m: ✅ Loaded: instructor
[2025-09-06 16:23:22] [discord_bot] [32mINFO[0m: ✅ Loaded: r34
[2025-09-06 16:23:22] [discord_bot] [31mERROR[0m: ❌ Failed to load roleplay_cog_sqlite: Extension 'cogs.roleplay_cog_sqlite' raised an error: SyntaxError: unexpected character after line continuation character (roleplay_cog_sqlite.py, line 19)
[2025-09-06 16:23:22] [discord_bot] [32mINFO[0m: Extension loading complete: 4 loaded, 1 failed
[2025-09-06 16:23:22] [discord_bot] [33mWARNING[0m: Failed cogs: roleplay_cog_sqlite
[2025-09-06 16:23:22] [discord_bot] [32mINFO[0m: Bot setup completed
[2025-09-06 16:23:22] [discord_bot] DEBUG: Cleanup task executed
[2025-09-06 16:23:22] [discord_bot] [32mINFO[0m: Database backed up to backups/backup_20250906.json
[2025-09-06 16:23:23] [discord.gateway] INFO: Shard ID None has connected to Gateway (Session ID: d6fb9367b9b5b46fa4073d1f7658393a).
[2025-09-06 16:23:25] [discord_bot] [32mINFO[0m: ✅ Logged in as natsu#8011 (ID: 1309808442751455243)
[2025-09-06 16:23:25] [discord_bot] [32mINFO[0m: ✅ Synced 5 global commands
[2025-09-06 16:23:25] [discord_bot] DEBUG: Command sync took 567.75ms
[2025-09-06 16:23:25] [discord_bot] [32mINFO[0m: Connected to 4 guilds:
[2025-09-06 16:23:25] [discord_bot] [32mINFO[0m:   • kirigakure: the hidden mist village (1331194168218751100) - 24 members
[2025-09-06 16:23:25] [discord_bot] [32mINFO[0m:   • ⚛  🎀  𝒮𝐸𝒢𝒢𝒴  🎀  ⚛ (1373276652796121210) - 24 members
[2025-09-06 16:23:25] [discord_bot] [32mINFO[0m:   • Raiduuuuwu (1306841087490392145) - 11 members
[2025-09-06 16:23:25] [discord_bot] [32mINFO[0m:   • gamer 1 (1303326543069708329) - 7 members
[2025-09-06 16:25:29] [CFChecker] INFO: 🛡️ Cloudflare Checker initialized
[2025-09-06 16:25:29] [CFChecker] INFO: 🚀 CF Checker session initialized
[2025-09-06 16:25:29] [discord_bot] [32mINFO[0m: ✅ Loaded: Detection_Cog
[2025-09-06 16:25:29] [Rule34Debug] INFO: 🔧 Rule34 Debug version initialized
[2025-09-06 16:25:29] [Rule34Debug] INFO: 🚀 Rule34 Debug session initialized
[2025-09-06 16:25:29] [discord_bot] [32mINFO[0m: ✅ Loaded: instructor
[2025-09-06 16:25:29] [discord_bot] [32mINFO[0m: ✅ Loaded: r34
[2025-09-06 16:25:30] [discord_bot] [32mINFO[0m: ✅ Loaded: roleplay_cog_sqlite
[2025-09-06 16:25:30] [discord_bot] [32mINFO[0m: Extension loading complete: 5 loaded, 0 failed
[2025-09-06 16:25:30] [discord_bot] [32mINFO[0m: Bot setup completed
[2025-09-06 16:25:30] [discord_bot] DEBUG: Cleanup task executed
[2025-09-06 16:25:30] [discord_bot] [32mINFO[0m: Database backed up to backups/backup_20250906.json
[2025-09-06 16:25:30] [discord.gateway] INFO: Shard ID None has connected to Gateway (Session ID: 546b19af5d2ad0af404f3ba67382d80e).
[2025-09-06 16:25:33] [discord_bot] [32mINFO[0m: ✅ Logged in as natsu#8011 (ID: 1309808442751455243)
[2025-09-06 16:25:33] [discord_bot] [32mINFO[0m: ✅ Synced 11 global commands
[2025-09-06 16:25:33] [discord_bot] DEBUG: Command sync took 645.64ms
[2025-09-06 16:25:33] [discord_bot] [32mINFO[0m: Connected to 4 guilds:
[2025-09-06 16:25:33] [discord_bot] [32mINFO[0m:   • kirigakure: the hidden mist village (1331194168218751100) - 24 members
[2025-09-06 16:25:33] [discord_bot] [32mINFO[0m:   • ⚛  🎀  𝒮𝐸𝒢𝒢𝒴  🎀  ⚛ (1373276652796121210) - 24 members
[2025-09-06 16:25:33] [discord_bot] [32mINFO[0m:   • Raiduuuuwu (1306841087490392145) - 11 members
[2025-09-06 16:25:33] [discord_bot] [32mINFO[0m:   • gamer 1 (1303326543069708329) - 7 members
[2025-09-06 16:26:16] [CFChecker] INFO: 🛡️ Cloudflare Checker initialized
[2025-09-06 16:26:16] [CFChecker] INFO: 🚀 CF Checker session initialized
[2025-09-06 16:26:16] [discord_bot] [32mINFO[0m: ✅ Loaded: Detection_Cog
[2025-09-06 16:26:16] [Rule34Debug] INFO: 🔧 Rule34 Debug version initialized
[2025-09-06 16:26:16] [Rule34Debug] INFO: 🚀 Rule34 Debug session initialized
[2025-09-06 16:26:16] [discord_bot] [32mINFO[0m: ✅ Loaded: instructor
[2025-09-06 16:26:16] [discord_bot] [32mINFO[0m: ✅ Loaded: r34
[2025-09-06 16:26:16] [discord_bot] [32mINFO[0m: ✅ Loaded: roleplay_cog_sqlite
[2025-09-06 16:26:16] [discord_bot] [32mINFO[0m: Extension loading complete: 5 loaded, 0 failed
[2025-09-06 16:26:16] [discord_bot] [32mINFO[0m: Bot setup completed
[2025-09-06 16:26:16] [discord_bot] DEBUG: Cleanup task executed
[2025-09-06 16:26:16] [discord_bot] [32mINFO[0m: Database backed up to backups/backup_20250906.json
[2025-09-06 16:26:17] [discord.gateway] INFO: Shard ID None has connected to Gateway (Session ID: 28ca4cd7c9ab80334d04075480be6920).
[2025-09-06 16:26:19] [discord_bot] [32mINFO[0m: ✅ Logged in as natsu#8011 (ID: 1309808442751455243)
[2025-09-06 16:26:20] [discord_bot] [32mINFO[0m: ✅ Synced 11 global commands
[2025-09-06 16:26:20] [discord_bot] DEBUG: Command sync took 475.48ms
[2025-09-06 16:26:20] [discord_bot] [32mINFO[0m: Connected to 4 guilds:
[2025-09-06 16:26:20] [discord_bot] [32mINFO[0m:   • kirigakure: the hidden mist village (1331194168218751100) - 24 members
[2025-09-06 16:26:20] [discord_bot] [32mINFO[0m:   • ⚛  🎀  𝒮𝐸𝒢𝒢𝒴  🎀  ⚛ (1373276652796121210) - 24 members
[2025-09-06 16:26:20] [discord_bot] [32mINFO[0m:   • Raiduuuuwu (1306841087490392145) - 11 members
[2025-09-06 16:26:20] [discord_bot] [32mINFO[0m:   • gamer 1 (1303326543069708329) - 7 members
[2025-09-06 16:31:17] [discord_bot] DEBUG: Cleanup task executed
[2025-09-06 16:33:26] [CFChecker] INFO: 🛡️ Cloudflare Checker initialized
[2025-09-06 16:33:26] [CFChecker] INFO: 🚀 CF Checker session initialized
[2025-09-06 16:33:26] [discord_bot] [32mINFO[0m: ✅ Loaded: Detection_Cog
[2025-09-06 16:33:26] [Rule34Debug] INFO: 🔧 Rule34 Debug version initialized
[2025-09-06 16:33:26] [Rule34Debug] INFO: 🚀 Rule34 Debug session initialized
[2025-09-06 16:33:26] [discord_bot] [32mINFO[0m: ✅ Loaded: instructor
[2025-09-06 16:33:26] [discord_bot] [32mINFO[0m: ✅ Loaded: r34
[2025-09-06 16:33:26] [discord_bot] [32mINFO[0m: ✅ Loaded: roleplay_cog_sqlite
[2025-09-06 16:33:26] [discord_bot] [32mINFO[0m: Extension loading complete: 5 loaded, 0 failed
[2025-09-06 16:33:26] [discord_bot] [32mINFO[0m: Bot setup completed
[2025-09-06 16:33:26] [discord_bot] DEBUG: Cleanup task executed
[2025-09-06 16:33:26] [discord_bot] [32mINFO[0m: Database backed up to backups/backup_20250906.json
[2025-09-06 16:33:27] [discord.gateway] INFO: Shard ID None has connected to Gateway (Session ID: 5269fb8a302f7ccc8b00bfbb4537801e).
[2025-09-06 16:33:29] [discord_bot] [32mINFO[0m: ✅ Logged in as natsu#8011 (ID: 1309808442751455243)
[2025-09-06 16:33:30] [discord_bot] [32mINFO[0m: ✅ Synced 11 global commands
[2025-09-06 16:33:30] [discord_bot] DEBUG: Command sync took 533.65ms
[2025-09-06 16:33:30] [discord_bot] [32mINFO[0m: Connected to 4 guilds:
[2025-09-06 16:33:30] [discord_bot] [32mINFO[0m:   • kirigakure: the hidden mist village (1331194168218751100) - 24 members
[2025-09-06 16:33:30] [discord_bot] [32mINFO[0m:   • ⚛  🎀  𝒮𝐸𝒢𝒢𝒴  🎀  ⚛ (1373276652796121210) - 24 members
[2025-09-06 16:33:30] [discord_bot] [32mINFO[0m:   • Raiduuuuwu (1306841087490392145) - 11 members
[2025-09-06 16:33:30] [discord_bot] [32mINFO[0m:   • gamer 1 (1303326543069708329) - 7 members
[2025-09-06 16:34:29] [discord.client] ERROR: Ignoring exception in on_message
Traceback (most recent call last):
  File "/home/runner/workspace/.pythonlibs/lib/python3.11/site-packages/discord/client.py", line 481, in _run_event
    await coro(*args, **kwargs)
  File "/home/runner/workspace/rule23bot/cogs/roleplay_cog_sqlite.py", line 305, in on_message
    character_response = await self.generate_character_response(
                         ^^^^^^^^^^^^^^^^^^^^^^^^^^^^^^^^^^^^^^^
  File "/home/runner/workspace/rule23bot/cogs/roleplay_cog_sqlite.py", line 223, in generate_character_response
    if not self.model:
           ^^^^^^^^^^
AttributeError: 'RoleplaySQL' object has no attribute 'model'
[2025-09-06 16:35:44] [CFChecker] INFO: 🛡️ Cloudflare Checker initialized
[2025-09-06 16:35:44] [CFChecker] INFO: 🚀 CF Checker session initialized
[2025-09-06 16:35:44] [discord_bot] [32mINFO[0m: ✅ Loaded: Detection_Cog
[2025-09-06 16:35:44] [Rule34Debug] INFO: 🔧 Rule34 Debug version initialized
[2025-09-06 16:35:44] [Rule34Debug] INFO: 🚀 Rule34 Debug session initialized
[2025-09-06 16:35:44] [discord_bot] [32mINFO[0m: ✅ Loaded: instructor
[2025-09-06 16:35:44] [discord_bot] [32mINFO[0m: ✅ Loaded: r34
[2025-09-06 16:35:44] [discord_bot] [32mINFO[0m: ✅ Loaded: roleplay_cog_sqlite
[2025-09-06 16:35:44] [discord_bot] [32mINFO[0m: Extension loading complete: 5 loaded, 0 failed
[2025-09-06 16:35:44] [discord_bot] [32mINFO[0m: Bot setup completed
[2025-09-06 16:35:44] [discord_bot] DEBUG: Cleanup task executed
[2025-09-06 16:35:44] [discord_bot] [32mINFO[0m: Database backed up to backups/backup_20250906.json
[2025-09-06 16:35:45] [discord.gateway] INFO: Shard ID None has connected to Gateway (Session ID: ca713fd92574cca11e0cfd2d87910ba5).
[2025-09-06 16:35:47] [discord_bot] [32mINFO[0m: ✅ Logged in as natsu#8011 (ID: 1309808442751455243)
[2025-09-06 16:35:48] [discord_bot] [32mINFO[0m: ✅ Synced 11 global commands
[2025-09-06 16:35:48] [discord_bot] DEBUG: Command sync took 785.58ms
[2025-09-06 16:35:48] [discord_bot] [32mINFO[0m: Connected to 4 guilds:
[2025-09-06 16:35:48] [discord_bot] [32mINFO[0m:   • kirigakure: the hidden mist village (1331194168218751100) - 24 members
[2025-09-06 16:35:48] [discord_bot] [32mINFO[0m:   • ⚛  🎀  𝒮𝐸𝒢𝒢𝒴  🎀  ⚛ (1373276652796121210) - 24 members
[2025-09-06 16:35:48] [discord_bot] [32mINFO[0m:   • Raiduuuuwu (1306841087490392145) - 11 members
[2025-09-06 16:35:48] [discord_bot] [32mINFO[0m:   • gamer 1 (1303326543069708329) - 7 members
[2025-09-06 16:35:53] [discord.client] ERROR: Ignoring exception in on_message
Traceback (most recent call last):
  File "/home/runner/workspace/.pythonlibs/lib/python3.11/site-packages/discord/client.py", line 481, in _run_event
    await coro(*args, **kwargs)
  File "/home/runner/workspace/rule23bot/cogs/roleplay_cog_sqlite.py", line 305, in on_message
    character_response = await self.generate_character_response(
                         ^^^^^^^^^^^^^^^^^^^^^^^^^^^^^^^^^^^^^^^
  File "/home/runner/workspace/rule23bot/cogs/roleplay_cog_sqlite.py", line 223, in generate_character_response
    if not self.model:
           ^^^^^^^^^^
AttributeError: 'RoleplaySQL' object has no attribute 'model'
[2025-09-06 16:37:19] [CFChecker] INFO: 🛡️ Cloudflare Checker initialized
[2025-09-06 16:37:19] [CFChecker] INFO: 🚀 CF Checker session initialized
[2025-09-06 16:37:19] [discord_bot] [32mINFO[0m: ✅ Loaded: Detection_Cog
[2025-09-06 16:37:19] [Rule34Debug] INFO: 🔧 Rule34 Debug version initialized
[2025-09-06 16:37:19] [Rule34Debug] INFO: 🚀 Rule34 Debug session initialized
[2025-09-06 16:37:19] [discord_bot] [32mINFO[0m: ✅ Loaded: instructor
[2025-09-06 16:37:19] [discord_bot] [32mINFO[0m: ✅ Loaded: r34
[2025-09-06 16:37:19] [discord_bot] [32mINFO[0m: ✅ Loaded: roleplay_cog_sqlite
[2025-09-06 16:37:19] [discord_bot] [32mINFO[0m: Extension loading complete: 5 loaded, 0 failed
[2025-09-06 16:37:19] [discord_bot] [32mINFO[0m: Bot setup completed
[2025-09-06 16:37:19] [discord_bot] DEBUG: Cleanup task executed
[2025-09-06 16:37:19] [discord_bot] [32mINFO[0m: Database backed up to backups/backup_20250906.json
[2025-09-06 16:37:20] [discord.gateway] INFO: Shard ID None has connected to Gateway (Session ID: fe0f59a0bbece23f8b256fdf16aac13b).
[2025-09-06 16:37:22] [discord_bot] [32mINFO[0m: ✅ Logged in as natsu#8011 (ID: 1309808442751455243)
[2025-09-06 16:37:23] [discord_bot] [32mINFO[0m: ✅ Synced 11 global commands
[2025-09-06 16:37:23] [discord_bot] DEBUG: Command sync took 473.06ms
[2025-09-06 16:37:23] [discord_bot] [32mINFO[0m: Connected to 4 guilds:
[2025-09-06 16:37:23] [discord_bot] [32mINFO[0m:   • kirigakure: the hidden mist village (1331194168218751100) - 24 members
[2025-09-06 16:37:23] [discord_bot] [32mINFO[0m:   • ⚛  🎀  𝒮𝐸𝒢𝒢𝒴  🎀  ⚛ (1373276652796121210) - 24 members
[2025-09-06 16:37:23] [discord_bot] [32mINFO[0m:   • Raiduuuuwu (1306841087490392145) - 11 members
[2025-09-06 16:37:23] [discord_bot] [32mINFO[0m:   • gamer 1 (1303326543069708329) - 7 members
[2025-09-06 16:37:29] [discord.client] ERROR: Ignoring exception in on_message
Traceback (most recent call last):
  File "/home/runner/workspace/.pythonlibs/lib/python3.11/site-packages/discord/client.py", line 481, in _run_event
    await coro(*args, **kwargs)
  File "/home/runner/workspace/rule23bot/cogs/roleplay_cog_sqlite.py", line 308, in on_message
    character_response = await self.generate_character_response(
                         ^^^^^^^^^^^^^^^^^^^^^^^^^^^^^^^^^^^^^^^
  File "/home/runner/workspace/rule23bot/cogs/roleplay_cog_sqlite.py", line 223, in generate_character_response
    if not self.model:
           ^^^^^^^^^^
AttributeError: 'RoleplaySQL' object has no attribute 'model'
[2025-09-06 16:38:52] [CFChecker] INFO: 🛡️ Cloudflare Checker initialized
[2025-09-06 16:38:52] [CFChecker] INFO: 🚀 CF Checker session initialized
[2025-09-06 16:38:52] [discord_bot] [32mINFO[0m: ✅ Loaded: Detection_Cog
[2025-09-06 16:38:52] [Rule34Debug] INFO: 🔧 Rule34 Debug version initialized
[2025-09-06 16:38:52] [Rule34Debug] INFO: 🚀 Rule34 Debug session initialized
[2025-09-06 16:38:52] [discord_bot] [32mINFO[0m: ✅ Loaded: instructor
[2025-09-06 16:38:52] [discord_bot] [32mINFO[0m: ✅ Loaded: r34
[2025-09-06 16:38:52] [discord_bot] [32mINFO[0m: ✅ Loaded: roleplay_cog_sqlite
[2025-09-06 16:38:52] [discord_bot] [32mINFO[0m: Extension loading complete: 5 loaded, 0 failed
[2025-09-06 16:38:52] [discord_bot] [32mINFO[0m: Bot setup completed
[2025-09-06 16:38:52] [discord_bot] DEBUG: Cleanup task executed
[2025-09-06 16:38:52] [discord_bot] [32mINFO[0m: Database backed up to backups/backup_20250906.json
[2025-09-06 16:38:52] [discord.gateway] INFO: Shard ID None has connected to Gateway (Session ID: f6a81145cde2772e77350e6e1780e8fe).
[2025-09-06 16:38:55] [discord_bot] [32mINFO[0m: ✅ Logged in as natsu#8011 (ID: 1309808442751455243)
[2025-09-06 16:38:55] [discord_bot] [32mINFO[0m: ✅ Synced 11 global commands
[2025-09-06 16:38:55] [discord_bot] DEBUG: Command sync took 483.89ms
[2025-09-06 16:38:55] [discord_bot] [32mINFO[0m: Connected to 4 guilds:
[2025-09-06 16:38:55] [discord_bot] [32mINFO[0m:   • kirigakure: the hidden mist village (1331194168218751100) - 24 members
[2025-09-06 16:38:55] [discord_bot] [32mINFO[0m:   • ⚛  🎀  𝒮𝐸𝒢𝒢𝒴  🎀  ⚛ (1373276652796121210) - 24 members
[2025-09-06 16:38:55] [discord_bot] [32mINFO[0m:   • Raiduuuuwu (1306841087490392145) - 11 members
[2025-09-06 16:38:55] [discord_bot] [32mINFO[0m:   • gamer 1 (1303326543069708329) - 7 members
[2025-09-06 16:38:56] [discord.client] ERROR: Ignoring exception in on_message
Traceback (most recent call last):
  File "/home/runner/workspace/.pythonlibs/lib/python3.11/site-packages/discord/client.py", line 481, in _run_event
    await coro(*args, **kwargs)
  File "/home/runner/workspace/rule23bot/cogs/roleplay_cog_sqlite.py", line 307, in on_message
    if self.model:  # Only try to generate if model exists
       ^^^^^^^^^^
AttributeError: 'RoleplaySQL' object has no attribute 'model'
[2025-09-06 16:39:01] [discord.client] ERROR: Ignoring exception in on_message
Traceback (most recent call last):
  File "/home/runner/workspace/.pythonlibs/lib/python3.11/site-packages/discord/client.py", line 481, in _run_event
    await coro(*args, **kwargs)
  File "/home/runner/workspace/rule23bot/cogs/roleplay_cog_sqlite.py", line 307, in on_message
    if self.model:  # Only try to generate if model exists
       ^^^^^^^^^^
AttributeError: 'RoleplaySQL' object has no attribute 'model'
[2025-09-06 16:40:16] [CFChecker] INFO: 🛡️ Cloudflare Checker initialized
[2025-09-06 16:40:16] [CFChecker] INFO: 🚀 CF Checker session initialized
[2025-09-06 16:40:16] [discord_bot] [32mINFO[0m: ✅ Loaded: Detection_Cog
[2025-09-06 16:40:16] [Rule34Debug] INFO: 🔧 Rule34 Debug version initialized
[2025-09-06 16:40:16] [Rule34Debug] INFO: 🚀 Rule34 Debug session initialized
[2025-09-06 16:40:16] [discord_bot] [32mINFO[0m: ✅ Loaded: instructor
[2025-09-06 16:40:16] [discord_bot] [32mINFO[0m: ✅ Loaded: r34
[2025-09-06 16:40:16] [CFChecker] INFO: 🛡️ Cloudflare Checker initialized
[2025-09-06 16:40:16] [discord_bot] [32mINFO[0m: ✅ Loaded: roleplay_cog_sqlite
[2025-09-06 16:40:16] [discord_bot] [32mINFO[0m: Extension loading complete: 5 loaded, 0 failed
[2025-09-06 16:40:16] [discord_bot] [32mINFO[0m: Bot setup completed
[2025-09-06 16:40:16] [CFChecker] INFO: 🚀 CF Checker session initialized
[2025-09-06 16:40:16] [discord_bot] DEBUG: Cleanup task executed
[2025-09-06 16:40:16] [discord_bot] [32mINFO[0m: ✅ Loaded: Detection_Cog
[2025-09-06 16:40:16] [discord_bot] [32mINFO[0m: Database backed up to backups/backup_20250906.json
[2025-09-06 16:40:16] [Rule34Debug] INFO: 🔧 Rule34 Debug version initialized
[2025-09-06 16:40:16] [Rule34Debug] INFO: 🚀 Rule34 Debug session initialized
[2025-09-06 16:40:16] [discord_bot] [32mINFO[0m: ✅ Loaded: instructor
[2025-09-06 16:40:16] [discord_bot] [32mINFO[0m: ✅ Loaded: r34
[2025-09-06 16:40:16] [discord_bot] [32mINFO[0m: ✅ Loaded: roleplay_cog_sqlite
[2025-09-06 16:40:16] [discord_bot] [32mINFO[0m: Extension loading complete: 5 loaded, 0 failed
[2025-09-06 16:40:16] [discord_bot] [32mINFO[0m: Bot setup completed
[2025-09-06 16:40:16] [discord_bot] DEBUG: Cleanup task executed
[2025-09-06 16:40:16] [discord_bot] [32mINFO[0m: Database backed up to backups/backup_20250906.json
[2025-09-06 16:40:17] [discord.gateway] INFO: Shard ID None has connected to Gateway (Session ID: 8631f8d53490a6e069db8bccdef4e418).
[2025-09-06 16:40:17] [discord.gateway] INFO: Shard ID None has connected to Gateway (Session ID: d5f9c03b93468618c23e37ab3724b608).
[2025-09-06 16:40:19] [discord_bot] [32mINFO[0m: ✅ Logged in as natsu#8011 (ID: 1309808442751455243)
[2025-09-06 16:40:19] [discord_bot] [32mINFO[0m: ✅ Logged in as natsu#8011 (ID: 1309808442751455243)
[2025-09-06 16:40:21] [discord_bot] [32mINFO[0m: ✅ Synced 11 global commands
[2025-09-06 16:40:21] [discord_bot] DEBUG: Command sync took 1939.97ms
[2025-09-06 16:40:21] [discord_bot] [32mINFO[0m: Connected to 4 guilds:
[2025-09-06 16:40:21] [discord_bot] [32mINFO[0m:   • kirigakure: the hidden mist village (1331194168218751100) - 24 members
[2025-09-06 16:40:21] [discord_bot] [32mINFO[0m:   • ⚛  🎀  𝒮𝐸𝒢𝒢𝒴  🎀  ⚛ (1373276652796121210) - 24 members
[2025-09-06 16:40:21] [discord_bot] [32mINFO[0m:   • Raiduuuuwu (1306841087490392145) - 11 members
[2025-09-06 16:40:21] [discord_bot] [32mINFO[0m:   • gamer 1 (1303326543069708329) - 7 members
[2025-09-06 16:40:41] [discord.client] ERROR: Ignoring exception in on_message
Traceback (most recent call last):
  File "/home/runner/workspace/.pythonlibs/lib/python3.11/site-packages/discord/client.py", line 481, in _run_event
    await coro(*args, **kwargs)
  File "/home/runner/workspace/rule23bot/cogs/roleplay_cog_sqlite.py", line 390, in on_message
    if self.model:  # Only try to generate if model exists
       ^^^^^^^^^^
AttributeError: 'RoleplaySQL' object has no attribute 'model'
[2025-09-06 16:40:41] [discord.client] ERROR: Ignoring exception in on_message
Traceback (most recent call last):
  File "/home/runner/workspace/.pythonlibs/lib/python3.11/site-packages/discord/client.py", line 481, in _run_event
    await coro(*args, **kwargs)
  File "/home/runner/workspace/rule23bot/cogs/roleplay_cog_sqlite.py", line 390, in on_message
    if self.model:  # Only try to generate if model exists
       ^^^^^^^^^^
AttributeError: 'RoleplaySQL' object has no attribute 'model'
[2025-09-06 16:40:54] [discord.app_commands.tree] ERROR: Ignoring exception in command 'roleplay'
Traceback (most recent call last):
  File "/home/runner/workspace/.pythonlibs/lib/python3.11/site-packages/discord/app_commands/commands.py", line 857, in _do_call
    return await self._callback(self.binding, interaction, **params)  # type: ignore
           ^^^^^^^^^^^^^^^^^^^^^^^^^^^^^^^^^^^^^^^^^^^^^^^^^^^^^^^^^
  File "/home/runner/workspace/rule23bot/cogs/roleplay_cog_sqlite.py", line 191, in roleplay
    await interaction.response.send_message(
  File "/home/runner/workspace/.pythonlibs/lib/python3.11/site-packages/discord/interactions.py", line 1004, in send_message
    response = await adapter.create_interaction_response(
               ^^^^^^^^^^^^^^^^^^^^^^^^^^^^^^^^^^^^^^^^^^
  File "/home/runner/workspace/.pythonlibs/lib/python3.11/site-packages/discord/webhook/async_.py", line 224, in request
    raise NotFound(response, data)
discord.errors.NotFound: 404 Not Found (error code: 10062): Unknown interaction

The above exception was the direct cause of the following exception:

Traceback (most recent call last):
  File "/home/runner/workspace/.pythonlibs/lib/python3.11/site-packages/discord/app_commands/tree.py", line 1310, in _call
    await command._invoke_with_namespace(interaction, namespace)
  File "/home/runner/workspace/.pythonlibs/lib/python3.11/site-packages/discord/app_commands/commands.py", line 883, in _invoke_with_namespace
    return await self._do_call(interaction, transformed_values)
           ^^^^^^^^^^^^^^^^^^^^^^^^^^^^^^^^^^^^^^^^^^^^^^^^^^^^
  File "/home/runner/workspace/.pythonlibs/lib/python3.11/site-packages/discord/app_commands/commands.py", line 876, in _do_call
    raise CommandInvokeError(self, e) from e
discord.app_commands.errors.CommandInvokeError: Command 'roleplay' raised an exception: NotFound: 404 Not Found (error code: 10062): Unknown interaction
[2025-09-06 16:41:00] [discord.client] ERROR: Ignoring exception in on_message
Traceback (most recent call last):
  File "/home/runner/workspace/.pythonlibs/lib/python3.11/site-packages/discord/client.py", line 481, in _run_event
    await coro(*args, **kwargs)
  File "/home/runner/workspace/rule23bot/cogs/roleplay_cog_sqlite.py", line 390, in on_message
    if self.model:  # Only try to generate if model exists
       ^^^^^^^^^^
AttributeError: 'RoleplaySQL' object has no attribute 'model'
[2025-09-06 16:41:01] [discord.client] ERROR: Ignoring exception in on_message
Traceback (most recent call last):
  File "/home/runner/workspace/.pythonlibs/lib/python3.11/site-packages/discord/client.py", line 481, in _run_event
    await coro(*args, **kwargs)
  File "/home/runner/workspace/rule23bot/cogs/roleplay_cog_sqlite.py", line 390, in on_message
    if self.model:  # Only try to generate if model exists
       ^^^^^^^^^^
AttributeError: 'RoleplaySQL' object has no attribute 'model'
[2025-09-06 16:41:20] [discord_bot] [32mINFO[0m: ✅ Synced 11 global commands
[2025-09-06 16:41:20] [discord_bot] DEBUG: Command sync took 60316.59ms
[2025-09-06 16:41:20] [discord_bot] [32mINFO[0m: Connected to 4 guilds:
[2025-09-06 16:41:20] [discord_bot] [32mINFO[0m:   • kirigakure: the hidden mist village (1331194168218751100) - 24 members
[2025-09-06 16:41:20] [discord_bot] [32mINFO[0m:   • ⚛  🎀  𝒮𝐸𝒢𝒢𝒴  🎀  ⚛ (1373276652796121210) - 24 members
[2025-09-06 16:41:20] [discord_bot] [32mINFO[0m:   • Raiduuuuwu (1306841087490392145) - 11 members
[2025-09-06 16:41:20] [discord_bot] [32mINFO[0m:   • gamer 1 (1303326543069708329) - 7 members
[2025-09-06 16:42:59] [CFChecker] INFO: 🛡️ Cloudflare Checker initialized
[2025-09-06 16:42:59] [CFChecker] INFO: 🚀 CF Checker session initialized
[2025-09-06 16:42:59] [discord_bot] [32mINFO[0m: ✅ Loaded: Detection_Cog
[2025-09-06 16:42:59] [Rule34Debug] INFO: 🔧 Rule34 Debug version initialized
[2025-09-06 16:42:59] [Rule34Debug] INFO: 🚀 Rule34 Debug session initialized
[2025-09-06 16:42:59] [discord_bot] [32mINFO[0m: ✅ Loaded: instructor
[2025-09-06 16:42:59] [discord_bot] [32mINFO[0m: ✅ Loaded: r34
[2025-09-06 16:42:59] [discord_bot] [32mINFO[0m: ✅ Loaded: roleplay_cog_sqlite
[2025-09-06 16:42:59] [discord_bot] [32mINFO[0m: Extension loading complete: 5 loaded, 0 failed
[2025-09-06 16:42:59] [discord_bot] [32mINFO[0m: Bot setup completed
[2025-09-06 16:42:59] [discord_bot] DEBUG: Cleanup task executed
[2025-09-06 16:42:59] [discord_bot] [32mINFO[0m: Database backed up to backups/backup_20250906.json
[2025-09-06 16:43:00] [discord.gateway] INFO: Shard ID None has connected to Gateway (Session ID: 5638cb79ff6b0f10e50b5e4b92b1f2c6).
[2025-09-06 16:43:02] [discord_bot] [32mINFO[0m: ✅ Logged in as natsu#8011 (ID: 1309808442751455243)
[2025-09-06 16:43:03] [discord_bot] [32mINFO[0m: ✅ Synced 11 global commands
[2025-09-06 16:43:03] [discord_bot] DEBUG: Command sync took 481.07ms
[2025-09-06 16:43:03] [discord_bot] [32mINFO[0m: Connected to 4 guilds:
[2025-09-06 16:43:03] [discord_bot] [32mINFO[0m:   • kirigakure: the hidden mist village (1331194168218751100) - 24 members
[2025-09-06 16:43:03] [discord_bot] [32mINFO[0m:   • ⚛  🎀  𝒮𝐸𝒢𝒢𝒴  🎀  ⚛ (1373276652796121210) - 24 members
[2025-09-06 16:43:03] [discord_bot] [32mINFO[0m:   • Raiduuuuwu (1306841087490392145) - 11 members
[2025-09-06 16:43:03] [discord_bot] [32mINFO[0m:   • gamer 1 (1303326543069708329) - 7 members
[2025-09-06 16:43:14] [discord.client] ERROR: Ignoring exception in on_message
Traceback (most recent call last):
  File "/home/runner/workspace/.pythonlibs/lib/python3.11/site-packages/discord/client.py", line 481, in _run_event
    await coro(*args, **kwargs)
  File "/home/runner/workspace/rule23bot/cogs/roleplay_cog_sqlite.py", line 314, in on_message
    if self.model:  # Only try to generate if model exists
       ^^^^^^^^^^
AttributeError: 'RoleplaySQL' object has no attribute 'model'
[2025-09-06 16:47:33] [CFChecker] INFO: 🛡️ Cloudflare Checker initialized
[2025-09-06 16:47:33] [CFChecker] INFO: 🚀 CF Checker session initialized
[2025-09-06 16:47:33] [discord_bot] [32mINFO[0m: ✅ Loaded: Detection_Cog
[2025-09-06 16:47:33] [Rule34Debug] INFO: 🔧 Rule34 Debug version initialized
[2025-09-06 16:47:33] [Rule34Debug] INFO: 🚀 Rule34 Debug session initialized
[2025-09-06 16:47:33] [discord_bot] [32mINFO[0m: ✅ Loaded: instructor
[2025-09-06 16:47:33] [discord_bot] [32mINFO[0m: ✅ Loaded: r34
[2025-09-06 16:47:33] [discord_bot] [32mINFO[0m: ✅ Loaded: roleplay_cog_sqlite
[2025-09-06 16:47:33] [discord_bot] [32mINFO[0m: Extension loading complete: 5 loaded, 0 failed
[2025-09-06 16:47:33] [discord_bot] [32mINFO[0m: Bot setup completed
[2025-09-06 16:47:33] [discord_bot] DEBUG: Cleanup task executed
[2025-09-06 16:47:33] [discord_bot] [32mINFO[0m: Database backed up to backups/backup_20250906.json
[2025-09-06 16:47:34] [discord.gateway] INFO: Shard ID None has connected to Gateway (Session ID: 6bbb48b071cf23aa053914e88529f3ff).
[2025-09-06 16:47:36] [discord_bot] [32mINFO[0m: ✅ Logged in as natsu#8011 (ID: 1309808442751455243)
[2025-09-06 16:47:37] [discord_bot] [32mINFO[0m: ✅ Synced 11 global commands
[2025-09-06 16:47:37] [discord_bot] DEBUG: Command sync took 736.68ms
[2025-09-06 16:47:37] [discord_bot] [32mINFO[0m: Connected to 4 guilds:
[2025-09-06 16:47:37] [discord_bot] [32mINFO[0m:   • kirigakure: the hidden mist village (1331194168218751100) - 24 members
[2025-09-06 16:47:37] [discord_bot] [32mINFO[0m:   • ⚛  🎀  𝒮𝐸𝒢𝒢𝒴  🎀  ⚛ (1373276652796121210) - 24 members
[2025-09-06 16:47:37] [discord_bot] [32mINFO[0m:   • Raiduuuuwu (1306841087490392145) - 11 members
[2025-09-06 16:47:37] [discord_bot] [32mINFO[0m:   • gamer 1 (1303326543069708329) - 7 members
[2025-09-06 16:47:45] [discord.client] ERROR: Ignoring exception in on_message
Traceback (most recent call last):
  File "/home/runner/workspace/.pythonlibs/lib/python3.11/site-packages/discord/client.py", line 481, in _run_event
    await coro(*args, **kwargs)
  File "/home/runner/workspace/rule23bot/cogs/roleplay_cog_sqlite.py", line 314, in on_message
    if self.model:  # Only try to generate if model exists
       ^^^^^^^^^^
AttributeError: 'RoleplaySQL' object has no attribute 'model'
[2025-09-06 16:48:53] [discord.client] ERROR: Ignoring exception in on_message
Traceback (most recent call last):
  File "/home/runner/workspace/.pythonlibs/lib/python3.11/site-packages/discord/client.py", line 481, in _run_event
    await coro(*args, **kwargs)
  File "/home/runner/workspace/rule23bot/cogs/roleplay_cog_sqlite.py", line 314, in on_message
    if self.model:  # Only try to generate if model exists
       ^^^^^^^^^^
AttributeError: 'RoleplaySQL' object has no attribute 'model'
[2025-09-06 16:48:57] [discord.client] ERROR: Ignoring exception in on_message
Traceback (most recent call last):
  File "/home/runner/workspace/.pythonlibs/lib/python3.11/site-packages/discord/client.py", line 481, in _run_event
    await coro(*args, **kwargs)
  File "/home/runner/workspace/rule23bot/cogs/roleplay_cog_sqlite.py", line 314, in on_message
    if self.model:  # Only try to generate if model exists
       ^^^^^^^^^^
AttributeError: 'RoleplaySQL' object has no attribute 'model'
[2025-09-06 16:48:58] [discord.client] ERROR: Ignoring exception in on_message
Traceback (most recent call last):
  File "/home/runner/workspace/.pythonlibs/lib/python3.11/site-packages/discord/client.py", line 481, in _run_event
    await coro(*args, **kwargs)
  File "/home/runner/workspace/rule23bot/cogs/roleplay_cog_sqlite.py", line 314, in on_message
    if self.model:  # Only try to generate if model exists
       ^^^^^^^^^^
AttributeError: 'RoleplaySQL' object has no attribute 'model'
[2025-09-06 16:49:45] [CFChecker] INFO: 🛡️ Cloudflare Checker initialized
[2025-09-06 16:49:45] [CFChecker] INFO: 🚀 CF Checker session initialized
[2025-09-06 16:49:45] [discord_bot] [32mINFO[0m: ✅ Loaded: Detection_Cog
[2025-09-06 16:49:45] [Rule34Debug] INFO: 🔧 Rule34 Debug version initialized
[2025-09-06 16:49:45] [Rule34Debug] INFO: 🚀 Rule34 Debug session initialized
[2025-09-06 16:49:45] [discord_bot] [32mINFO[0m: ✅ Loaded: instructor
[2025-09-06 16:49:45] [discord_bot] [32mINFO[0m: ✅ Loaded: r34
[2025-09-06 16:49:45] [discord_bot] [32mINFO[0m: ✅ Loaded: roleplay_cog_sqlite
[2025-09-06 16:49:45] [discord_bot] [32mINFO[0m: Extension loading complete: 5 loaded, 0 failed
[2025-09-06 16:49:45] [discord_bot] [32mINFO[0m: Bot setup completed
[2025-09-06 16:49:45] [discord_bot] DEBUG: Cleanup task executed
[2025-09-06 16:49:45] [discord_bot] [32mINFO[0m: Database backed up to backups/backup_20250906.json
[2025-09-06 16:49:46] [discord.gateway] INFO: Shard ID None has connected to Gateway (Session ID: cd31451c4700b4753041f12874c5b1bb).
[2025-09-06 16:49:48] [discord_bot] [32mINFO[0m: ✅ Logged in as natsu#8011 (ID: 1309808442751455243)
[2025-09-06 16:49:49] [discord_bot] [32mINFO[0m: ✅ Synced 11 global commands
[2025-09-06 16:49:49] [discord_bot] DEBUG: Command sync took 553.16ms
[2025-09-06 16:49:49] [discord_bot] [32mINFO[0m: Connected to 4 guilds:
[2025-09-06 16:49:49] [discord_bot] [32mINFO[0m:   • kirigakure: the hidden mist village (1331194168218751100) - 24 members
[2025-09-06 16:49:49] [discord_bot] [32mINFO[0m:   • ⚛  🎀  𝒮𝐸𝒢𝒢𝒴  🎀  ⚛ (1373276652796121210) - 24 members
[2025-09-06 16:49:49] [discord_bot] [32mINFO[0m:   • Raiduuuuwu (1306841087490392145) - 11 members
[2025-09-06 16:49:49] [discord_bot] [32mINFO[0m:   • gamer 1 (1303326543069708329) - 7 members
[2025-09-06 16:52:47] [CFChecker] INFO: 🛡️ Cloudflare Checker initialized
[2025-09-06 16:52:47] [CFChecker] INFO: 🚀 CF Checker session initialized
[2025-09-06 16:52:47] [discord_bot] [32mINFO[0m: ✅ Loaded: Detection_Cog
[2025-09-06 16:52:47] [Rule34Debug] INFO: 🔧 Rule34 Debug version initialized
[2025-09-06 16:52:47] [Rule34Debug] INFO: 🚀 Rule34 Debug session initialized
[2025-09-06 16:52:47] [discord_bot] [32mINFO[0m: ✅ Loaded: instructor
[2025-09-06 16:52:47] [discord_bot] [32mINFO[0m: ✅ Loaded: r34
[2025-09-06 16:52:47] [discord_bot] [32mINFO[0m: ✅ Loaded: roleplay_cog_sqlite
[2025-09-06 16:52:47] [discord_bot] [32mINFO[0m: Extension loading complete: 5 loaded, 0 failed
[2025-09-06 16:52:47] [discord_bot] [32mINFO[0m: Bot setup completed
[2025-09-06 16:52:47] [discord_bot] DEBUG: Cleanup task executed
[2025-09-06 16:52:47] [discord_bot] [32mINFO[0m: Database backed up to backups/backup_20250906.json
[2025-09-06 16:52:47] [discord.gateway] INFO: Shard ID None has connected to Gateway (Session ID: 79742a55800ae3505391ba9a278d4c57).
[2025-09-06 16:52:49] [discord_bot] [32mINFO[0m: ✅ Logged in as natsu#8011 (ID: 1309808442751455243)
[2025-09-06 16:52:50] [discord_bot] [32mINFO[0m: ✅ Synced 11 global commands
[2025-09-06 16:52:50] [discord_bot] DEBUG: Command sync took 524.03ms
[2025-09-06 16:52:50] [discord_bot] [32mINFO[0m: Connected to 4 guilds:
[2025-09-06 16:52:50] [discord_bot] [32mINFO[0m:   • kirigakure: the hidden mist village (1331194168218751100) - 24 members
[2025-09-06 16:52:50] [discord_bot] [32mINFO[0m:   • ⚛  🎀  𝒮𝐸𝒢𝒢𝒴  🎀  ⚛ (1373276652796121210) - 24 members
[2025-09-06 16:52:50] [discord_bot] [32mINFO[0m:   • Raiduuuuwu (1306841087490392145) - 11 members
[2025-09-06 16:52:50] [discord_bot] [32mINFO[0m:   • gamer 1 (1303326543069708329) - 7 members
[2025-09-06 16:54:18] [CFChecker] INFO: 🛡️ Cloudflare Checker initialized
[2025-09-06 16:54:18] [CFChecker] INFO: 🚀 CF Checker session initialized
[2025-09-06 16:54:18] [discord_bot] [32mINFO[0m: ✅ Loaded: Detection_Cog
[2025-09-06 16:54:18] [Rule34Debug] INFO: 🔧 Rule34 Debug version initialized
[2025-09-06 16:54:18] [Rule34Debug] INFO: 🚀 Rule34 Debug session initialized
[2025-09-06 16:54:18] [discord_bot] [32mINFO[0m: ✅ Loaded: instructor
[2025-09-06 16:54:18] [discord_bot] [32mINFO[0m: ✅ Loaded: r34
[2025-09-06 16:54:18] [discord_bot] [32mINFO[0m: ✅ Loaded: roleplay_cog_sqlite
[2025-09-06 16:54:18] [discord_bot] [32mINFO[0m: Extension loading complete: 5 loaded, 0 failed
[2025-09-06 16:54:18] [discord_bot] [32mINFO[0m: Bot setup completed
[2025-09-06 16:54:18] [discord_bot] DEBUG: Cleanup task executed
[2025-09-06 16:54:18] [discord_bot] [32mINFO[0m: Database backed up to backups/backup_20250906.json
[2025-09-06 16:54:18] [discord.gateway] INFO: Shard ID None has connected to Gateway (Session ID: 461d5723aacd0ba32b55fb94d359481b).
[2025-09-06 16:54:20] [discord_bot] [32mINFO[0m: ✅ Logged in as natsu#8011 (ID: 1309808442751455243)
[2025-09-06 16:54:21] [discord_bot] [32mINFO[0m: ✅ Synced 11 global commands
[2025-09-06 16:54:21] [discord_bot] DEBUG: Command sync took 480.81ms
[2025-09-06 16:54:21] [discord_bot] [32mINFO[0m: Connected to 4 guilds:
[2025-09-06 16:54:21] [discord_bot] [32mINFO[0m:   • kirigakure: the hidden mist village (1331194168218751100) - 24 members
[2025-09-06 16:54:21] [discord_bot] [32mINFO[0m:   • ⚛  🎀  𝒮𝐸𝒢𝒢𝒴  🎀  ⚛ (1373276652796121210) - 24 members
[2025-09-06 16:54:21] [discord_bot] [32mINFO[0m:   • Raiduuuuwu (1306841087490392145) - 11 members
[2025-09-06 16:54:21] [discord_bot] [32mINFO[0m:   • gamer 1 (1303326543069708329) - 7 members
[2025-09-07 15:28:45] [CFChecker] INFO: 🛡️ Cloudflare Checker initialized
[2025-09-07 15:28:45] [CFChecker] INFO: 🚀 CF Checker session initialized
[2025-09-07 15:28:45] [discord_bot] [32mINFO[0m: ✅ Loaded: Detection_Cog
[2025-09-07 15:28:45] [Rule34Debug] INFO: 🔧 Rule34 Debug version initialized
[2025-09-07 15:28:45] [Rule34Debug] INFO: 🚀 Rule34 Debug session initialized
[2025-09-07 15:28:45] [discord_bot] [32mINFO[0m: ✅ Loaded: instructor
[2025-09-07 15:28:45] [discord_bot] [32mINFO[0m: ✅ Loaded: r34
[2025-09-07 15:28:45] [discord_bot] [32mINFO[0m: ✅ Loaded: roleplay_cog_sqlite
[2025-09-07 15:28:45] [discord_bot] [32mINFO[0m: Extension loading complete: 5 loaded, 0 failed
[2025-09-07 15:28:45] [discord_bot] [32mINFO[0m: Bot setup completed
[2025-09-07 15:28:45] [discord_bot] DEBUG: Cleanup task executed
[2025-09-07 15:28:45] [discord_bot] [32mINFO[0m: Database backed up to backups/backup_20250907.json
[2025-09-07 15:28:46] [discord.gateway] INFO: Shard ID None has connected to Gateway (Session ID: 7f6ef3498522eed4b288d76567439da2).
[2025-09-07 15:28:48] [discord_bot] [32mINFO[0m: ✅ Logged in as natsu#8011 (ID: 1309808442751455243)
[2025-09-07 15:28:48] [discord_bot] [32mINFO[0m: ✅ Synced 11 global commands
[2025-09-07 15:28:48] [discord_bot] DEBUG: Command sync took 524.51ms
[2025-09-07 15:28:48] [discord_bot] [32mINFO[0m: Connected to 4 guilds:
[2025-09-07 15:28:48] [discord_bot] [32mINFO[0m:   • kirigakure: the hidden mist village (1331194168218751100) - 24 members
[2025-09-07 15:28:48] [discord_bot] [32mINFO[0m:   • ⚛  🎀  𝒮𝐸𝒢𝒢𝒴  🎀  ⚛ (1373276652796121210) - 24 members
[2025-09-07 15:28:48] [discord_bot] [32mINFO[0m:   • Raiduuuuwu (1306841087490392145) - 11 members
[2025-09-07 15:28:48] [discord_bot] [32mINFO[0m:   • gamer 1 (1303326543069708329) - 7 members
[2025-09-07 15:31:03] [discord.client] ERROR: Ignoring exception in on_message
Traceback (most recent call last):
  File "/home/runner/workspace/.pythonlibs/lib/python3.11/site-packages/discord/client.py", line 481, in _run_event
    await coro(*args, **kwargs)
  File "/home/runner/workspace/rule23bot/cogs/roleplay_cog_sqlite.py", line 390, in on_message
    if self.model:  # Only try to generate if model exists
       ^^^^^^^^^^
AttributeError: 'RoleplaySQL' object has no attribute 'model'
[2025-09-07 15:33:45] [discord_bot] DEBUG: Cleanup task executed
[2025-09-07 15:35:42] [CFChecker] INFO: 🛡️ Cloudflare Checker initialized
[2025-09-07 15:35:42] [CFChecker] INFO: 🚀 CF Checker session initialized
[2025-09-07 15:35:42] [discord_bot] [32mINFO[0m: ✅ Loaded: Detection_Cog
[2025-09-07 15:35:42] [Rule34Debug] INFO: 🔧 Rule34 Debug version initialized
[2025-09-07 15:35:42] [Rule34Debug] INFO: 🚀 Rule34 Debug session initialized
[2025-09-07 15:35:42] [discord_bot] [32mINFO[0m: ✅ Loaded: instructor
[2025-09-07 15:35:42] [discord_bot] [32mINFO[0m: ✅ Loaded: r34
[2025-09-07 15:35:42] [discord_bot] [31mERROR[0m: ❌ Failed to load roleplay_cog_sqlite: Extension 'cogs.roleplay_cog_sqlite' raised an error: NameError: name 'genai' is not defined
[2025-09-07 15:35:42] [discord_bot] [32mINFO[0m: Extension loading complete: 4 loaded, 1 failed
[2025-09-07 15:35:42] [discord_bot] [33mWARNING[0m: Failed cogs: roleplay_cog_sqlite
[2025-09-07 15:35:42] [discord_bot] [32mINFO[0m: Bot setup completed
[2025-09-07 15:35:42] [discord_bot] DEBUG: Cleanup task executed
[2025-09-07 15:35:42] [discord_bot] [32mINFO[0m: Database backed up to backups/backup_20250907.json
[2025-09-07 15:35:43] [discord.gateway] INFO: Shard ID None has connected to Gateway (Session ID: 696a282e718e4a7729b056e5fa312267).
[2025-09-07 15:35:45] [discord_bot] [32mINFO[0m: ✅ Logged in as natsu#8011 (ID: 1309808442751455243)
[2025-09-07 15:35:46] [discord_bot] [32mINFO[0m: ✅ Synced 5 global commands
[2025-09-07 15:35:46] [discord_bot] DEBUG: Command sync took 480.18ms
[2025-09-07 15:35:46] [discord_bot] [32mINFO[0m: Connected to 4 guilds:
[2025-09-07 15:35:46] [discord_bot] [32mINFO[0m:   • kirigakure: the hidden mist village (1331194168218751100) - 24 members
[2025-09-07 15:35:46] [discord_bot] [32mINFO[0m:   • ⚛  🎀  𝒮𝐸𝒢𝒢𝒴  🎀  ⚛ (1373276652796121210) - 24 members
[2025-09-07 15:35:46] [discord_bot] [32mINFO[0m:   • Raiduuuuwu (1306841087490392145) - 11 members
[2025-09-07 15:35:46] [discord_bot] [32mINFO[0m:   • gamer 1 (1303326543069708329) - 7 members
[2025-09-07 15:36:25] [CFChecker] INFO: 🛡️ Cloudflare Checker initialized
[2025-09-07 15:36:25] [CFChecker] INFO: 🚀 CF Checker session initialized
[2025-09-07 15:36:25] [discord_bot] [32mINFO[0m: ✅ Loaded: Detection_Cog
[2025-09-07 15:36:25] [Rule34Debug] INFO: 🔧 Rule34 Debug version initialized
[2025-09-07 15:36:25] [Rule34Debug] INFO: 🚀 Rule34 Debug session initialized
[2025-09-07 15:36:25] [discord_bot] [32mINFO[0m: ✅ Loaded: instructor
[2025-09-07 15:36:25] [discord_bot] [32mINFO[0m: ✅ Loaded: r34
[2025-09-07 15:36:25] [discord_bot] [31mERROR[0m: ❌ Failed to load roleplay_cog_sqlite: Extension 'cogs.roleplay_cog_sqlite' raised an error: ModuleNotFoundError: No module named 'google.generativeai'
[2025-09-07 15:36:25] [discord_bot] [32mINFO[0m: Extension loading complete: 4 loaded, 1 failed
[2025-09-07 15:36:25] [discord_bot] [33mWARNING[0m: Failed cogs: roleplay_cog_sqlite
[2025-09-07 15:36:25] [discord_bot] [32mINFO[0m: Bot setup completed
[2025-09-07 15:36:25] [discord_bot] DEBUG: Cleanup task executed
[2025-09-07 15:36:25] [discord_bot] [32mINFO[0m: Database backed up to backups/backup_20250907.json
[2025-09-07 15:36:26] [discord.gateway] INFO: Shard ID None has connected to Gateway (Session ID: cc2088913f684839fb6856de23e84674).
[2025-09-07 15:36:28] [discord_bot] [32mINFO[0m: ✅ Logged in as natsu#8011 (ID: 1309808442751455243)
[2025-09-07 15:36:28] [discord_bot] [32mINFO[0m: ✅ Synced 5 global commands
[2025-09-07 15:36:28] [discord_bot] DEBUG: Command sync took 448.22ms
[2025-09-07 15:36:28] [discord_bot] [32mINFO[0m: Connected to 4 guilds:
[2025-09-07 15:36:28] [discord_bot] [32mINFO[0m:   • kirigakure: the hidden mist village (1331194168218751100) - 24 members
[2025-09-07 15:36:28] [discord_bot] [32mINFO[0m:   • ⚛  🎀  𝒮𝐸𝒢𝒢𝒴  🎀  ⚛ (1373276652796121210) - 24 members
[2025-09-07 15:36:28] [discord_bot] [32mINFO[0m:   • Raiduuuuwu (1306841087490392145) - 11 members
[2025-09-07 15:36:28] [discord_bot] [32mINFO[0m:   • gamer 1 (1303326543069708329) - 7 members
[2025-09-07 15:40:30] [CFChecker] INFO: 🛡️ Cloudflare Checker initialized
[2025-09-07 15:40:30] [CFChecker] INFO: 🚀 CF Checker session initialized
[2025-09-07 15:40:30] [discord_bot] [32mINFO[0m: ✅ Loaded: Detection_Cog
[2025-09-07 15:40:30] [Rule34Debug] INFO: 🔧 Rule34 Debug version initialized
[2025-09-07 15:40:30] [Rule34Debug] INFO: 🚀 Rule34 Debug session initialized
[2025-09-07 15:40:30] [discord_bot] [32mINFO[0m: ✅ Loaded: instructor
[2025-09-07 15:40:30] [discord_bot] [32mINFO[0m: ✅ Loaded: r34
[2025-09-07 15:40:30] [discord_bot] [31mERROR[0m: ❌ Failed to load roleplay_cog_sqlite: Extension 'cogs.roleplay_cog_sqlite' raised an error: ModuleNotFoundError: No module named 'google.generativeai'
[2025-09-07 15:40:30] [discord_bot] [32mINFO[0m: Extension loading complete: 4 loaded, 1 failed
[2025-09-07 15:40:30] [discord_bot] [33mWARNING[0m: Failed cogs: roleplay_cog_sqlite
[2025-09-07 15:40:30] [discord_bot] [32mINFO[0m: Bot setup completed
[2025-09-07 15:40:30] [discord_bot] DEBUG: Cleanup task executed
[2025-09-07 15:40:30] [discord_bot] [32mINFO[0m: Database backed up to backups/backup_20250907.json
[2025-09-07 15:40:31] [discord.gateway] INFO: Shard ID None has connected to Gateway (Session ID: 46aa98670c2ee9a1b886e2471b2e72af).
[2025-09-07 15:40:33] [discord_bot] [32mINFO[0m: ✅ Logged in as natsu#8011 (ID: 1309808442751455243)
[2025-09-07 15:40:34] [discord_bot] [32mINFO[0m: ✅ Synced 5 global commands
[2025-09-07 15:40:34] [discord_bot] DEBUG: Command sync took 464.71ms
[2025-09-07 15:40:34] [discord_bot] [32mINFO[0m: Connected to 4 guilds:
[2025-09-07 15:40:34] [discord_bot] [32mINFO[0m:   • kirigakure: the hidden mist village (1331194168218751100) - 24 members
[2025-09-07 15:40:34] [discord_bot] [32mINFO[0m:   • ⚛  🎀  𝒮𝐸𝒢𝒢𝒴  🎀  ⚛ (1373276652796121210) - 24 members
[2025-09-07 15:40:34] [discord_bot] [32mINFO[0m:   • Raiduuuuwu (1306841087490392145) - 11 members
[2025-09-07 15:40:34] [discord_bot] [32mINFO[0m:   • gamer 1 (1303326543069708329) - 7 members
[2025-09-07 15:41:34] [CFChecker] INFO: 🛡️ Cloudflare Checker initialized
[2025-09-07 15:41:34] [CFChecker] INFO: 🚀 CF Checker session initialized
[2025-09-07 15:41:34] [discord_bot] [32mINFO[0m: ✅ Loaded: Detection_Cog
[2025-09-07 15:41:34] [Rule34Debug] INFO: 🔧 Rule34 Debug version initialized
[2025-09-07 15:41:34] [Rule34Debug] INFO: 🚀 Rule34 Debug session initialized
[2025-09-07 15:41:34] [discord_bot] [32mINFO[0m: ✅ Loaded: instructor
[2025-09-07 15:41:34] [discord_bot] [32mINFO[0m: ✅ Loaded: r34
[2025-09-07 15:41:35] [cogs.roleplay_cog_sqlite] INFO: Database initialized successfully
[2025-09-07 15:41:35] [cogs.roleplay_cog_sqlite] INFO: Gemini API initialized successfully
[2025-09-07 15:41:35] [cogs.roleplay_cog_sqlite] INFO: RoleplaySQL cog loaded
[2025-09-07 15:41:35] [cogs.roleplay_cog_sqlite] INFO: RoleplaySQL cog loaded successfully!
[2025-09-07 15:41:35] [discord_bot] [32mINFO[0m: ✅ Loaded: roleplay_cog_sqlite
[2025-09-07 15:41:35] [discord_bot] [32mINFO[0m: Extension loading complete: 5 loaded, 0 failed
[2025-09-07 15:41:35] [discord_bot] [32mINFO[0m: Bot setup completed
[2025-09-07 15:41:35] [discord_bot] DEBUG: Cleanup task executed
[2025-09-07 15:41:35] [discord_bot] [32mINFO[0m: Database backed up to backups/backup_20250907.json
[2025-09-07 15:41:36] [discord.gateway] INFO: Shard ID None has connected to Gateway (Session ID: c12a8b9b4e3cad578fc7796bff4fa52c).
[2025-09-07 15:41:38] [discord_bot] [32mINFO[0m: ✅ Logged in as natsu#8011 (ID: 1309808442751455243)
[2025-09-07 15:41:39] [cogs.roleplay_cog_sqlite] INFO: Ended idle session for user 486555340670894080
[2025-09-07 15:41:39] [discord_bot] [32mINFO[0m: ✅ Synced 11 global commands
[2025-09-07 15:41:39] [discord_bot] DEBUG: Command sync took 847.79ms
[2025-09-07 15:41:39] [discord_bot] [32mINFO[0m: Connected to 4 guilds:
[2025-09-07 15:41:39] [discord_bot] [32mINFO[0m:   • kirigakure: the hidden mist village (1331194168218751100) - 24 members
[2025-09-07 15:41:39] [discord_bot] [32mINFO[0m:   • ⚛  🎀  𝒮𝐸𝒢𝒢𝒴  🎀  ⚛ (1373276652796121210) - 24 members
[2025-09-07 15:41:39] [discord_bot] [32mINFO[0m:   • Raiduuuuwu (1306841087490392145) - 11 members
[2025-09-07 15:41:39] [discord_bot] [32mINFO[0m:   • gamer 1 (1303326543069708329) - 7 members
[2025-09-07 15:43:56] [CFChecker] INFO: 🛡️ Cloudflare Checker initialized
[2025-09-07 15:43:56] [CFChecker] INFO: 🚀 CF Checker session initialized
[2025-09-07 15:43:56] [discord_bot] [32mINFO[0m: ✅ Loaded: Detection_Cog
[2025-09-07 15:43:56] [Rule34Debug] INFO: 🔧 Rule34 Debug version initialized
[2025-09-07 15:43:56] [Rule34Debug] INFO: 🚀 Rule34 Debug session initialized
[2025-09-07 15:43:56] [discord_bot] [32mINFO[0m: ✅ Loaded: instructor
[2025-09-07 15:43:56] [discord_bot] [32mINFO[0m: ✅ Loaded: r34
[2025-09-07 15:43:56] [cogs.roleplay_cog_sqlite] INFO: Database initialized successfully
[2025-09-07 15:43:56] [cogs.roleplay_cog_sqlite] INFO: Gemini API initialized successfully
[2025-09-07 15:43:56] [cogs.roleplay_cog_sqlite] INFO: RoleplaySQL cog loaded
[2025-09-07 15:43:56] [cogs.roleplay_cog_sqlite] INFO: RoleplaySQL cog loaded successfully!
[2025-09-07 15:43:56] [discord_bot] [32mINFO[0m: ✅ Loaded: roleplay_cog_sqlite
[2025-09-07 15:43:56] [discord_bot] [32mINFO[0m: Extension loading complete: 5 loaded, 0 failed
[2025-09-07 15:43:56] [discord_bot] [32mINFO[0m: Bot setup completed
[2025-09-07 15:43:56] [discord_bot] DEBUG: Cleanup task executed
[2025-09-07 15:43:56] [discord_bot] [32mINFO[0m: Database backed up to backups/backup_20250907.json
[2025-09-07 15:43:57] [discord.gateway] INFO: Shard ID None has connected to Gateway (Session ID: 13f29dfdc95fd2a01fad397fc2da56f4).
[2025-09-07 15:43:59] [discord_bot] [32mINFO[0m: ✅ Logged in as natsu#8011 (ID: 1309808442751455243)
[2025-09-07 15:44:00] [discord_bot] [32mINFO[0m: ✅ Synced 11 global commands
[2025-09-07 15:44:00] [discord_bot] DEBUG: Command sync took 465.34ms
[2025-09-07 15:44:00] [discord_bot] [32mINFO[0m: Connected to 4 guilds:
[2025-09-07 15:44:00] [discord_bot] [32mINFO[0m:   • kirigakure: the hidden mist village (1331194168218751100) - 24 members
[2025-09-07 15:44:00] [discord_bot] [32mINFO[0m:   • ⚛  🎀  𝒮𝐸𝒢𝒢𝒴  🎀  ⚛ (1373276652796121210) - 24 members
[2025-09-07 15:44:00] [discord_bot] [32mINFO[0m:   • Raiduuuuwu (1306841087490392145) - 11 members
[2025-09-07 15:44:00] [discord_bot] [32mINFO[0m:   • gamer 1 (1303326543069708329) - 7 members
[2025-09-07 15:45:38] [cogs.roleplay_cog_sqlite] INFO: RP channel set to 1303326543539601493 by luffyanna
[2025-09-07 15:45:48] [cogs.roleplay_cog_sqlite] INFO: Roleplay session started: luffyanna as hinata
[2025-09-07 15:45:53] [cogs.roleplay_cog_sqlite] INFO: Generating response for hinata (prompt length: 528)
[2025-09-07 15:45:55] [cogs.roleplay_cog_sqlite] INFO: Generated response for hinata: 67 characters
[2025-09-07 15:46:06] [cogs.roleplay_cog_sqlite] INFO: Generating response for hinata (prompt length: 618)
[2025-09-07 15:46:07] [cogs.roleplay_cog_sqlite] INFO: Generated response for hinata: 100 characters
[2025-09-07 15:46:20] [cogs.roleplay_cog_sqlite] INFO: Generating response for hinata (prompt length: 757)
[2025-09-07 15:46:20] [cogs.roleplay_cog_sqlite] INFO: Generated response for hinata: 88 characters
[2025-09-07 15:46:37] [cogs.roleplay_cog_sqlite] INFO: Generating response for hinata (prompt length: 835)
[2025-09-07 15:46:38] [cogs.roleplay_cog_sqlite] INFO: Generated response for hinata: 142 characters
[2025-09-07 15:47:24] [cogs.roleplay_cog_sqlite] INFO: Generating response for hinata (prompt length: 903)
[2025-09-07 15:47:24] [cogs.roleplay_cog_sqlite] INFO: Generated response for hinata: 78 characters
[2025-09-07 15:47:26] [cogs.roleplay_cog_sqlite] INFO: Generating response for hinata (prompt length: 967)
[2025-09-07 15:47:26] [cogs.roleplay_cog_sqlite] INFO: Generated response for hinata: 159 characters
[2025-09-07 15:47:39] [cogs.roleplay_cog_sqlite] INFO: Generating response for hinata (prompt length: 1030)
[2025-09-07 15:47:40] [cogs.roleplay_cog_sqlite] INFO: Generated response for hinata: 186 characters
[2025-09-07 15:47:42] [cogs.roleplay_cog_sqlite] INFO: Generating response for hinata (prompt length: 1114)
[2025-09-07 15:47:42] [cogs.roleplay_cog_sqlite] INFO: Generated response for hinata: 155 characters
[2025-09-07 15:47:56] [cogs.roleplay_cog_sqlite] INFO: Generating response for hinata (prompt length: 1260)
[2025-09-07 15:47:57] [cogs.roleplay_cog_sqlite] INFO: Generated response for hinata: 201 characters
[2025-09-07 15:47:59] [cogs.roleplay_cog_sqlite] INFO: Generating response for hinata (prompt length: 1311)
[2025-09-07 15:48:00] [cogs.roleplay_cog_sqlite] INFO: Generated response for hinata: 122 characters
[2025-09-07 15:48:01] [cogs.roleplay_cog_sqlite] INFO: Generating response for hinata (prompt length: 1288)
[2025-09-07 15:48:02] [cogs.roleplay_cog_sqlite] INFO: Generated response for hinata: 177 characters
[2025-09-07 15:48:18] [cogs.roleplay_cog_sqlite] INFO: Generating response for hinata (prompt length: 1414)
[2025-09-07 15:48:18] [cogs.roleplay_cog_sqlite] INFO: Generated response for hinata: 157 characters
[2025-09-07 15:48:35] [cogs.roleplay_cog_sqlite] INFO: Generating response for hinata (prompt length: 1235)
[2025-09-07 15:48:36] [cogs.roleplay_cog_sqlite] INFO: Generated response for hinata: 196 characters
[2025-09-07 15:48:53] [cogs.roleplay_cog_sqlite] INFO: Generating response for hinata (prompt length: 1219)
[2025-09-07 15:48:54] [cogs.roleplay_cog_sqlite] INFO: Generated response for hinata: 113 characters
[2025-09-07 15:48:56] [discord_bot] DEBUG: Cleanup task executed
[2025-09-07 15:49:16] [cogs.roleplay_cog_sqlite] INFO: Generating response for hinata (prompt length: 1257)
[2025-09-07 15:49:17] [cogs.roleplay_cog_sqlite] INFO: Generated response for hinata: 124 characters
[2025-09-07 15:49:33] [cogs.roleplay_cog_sqlite] INFO: Generating response for hinata (prompt length: 1168)
[2025-09-07 15:49:34] [cogs.roleplay_cog_sqlite] INFO: Generated response for hinata: 128 characters
[2025-09-07 15:50:07] [cogs.roleplay_cog_sqlite] INFO: Generating response for hinata (prompt length: 1120)
[2025-09-07 15:50:08] [cogs.roleplay_cog_sqlite] INFO: Generated response for hinata: 199 characters
[2025-09-07 15:50:09] [cogs.roleplay_cog_sqlite] INFO: Generating response for hinata (prompt length: 1117)
[2025-09-07 15:50:10] [cogs.roleplay_cog_sqlite] INFO: Generated response for hinata: 91 characters
[2025-09-07 15:51:05] [cogs.roleplay_cog_sqlite] INFO: Generating response for hinata (prompt length: 1214)
[2025-09-07 15:51:06] [cogs.roleplay_cog_sqlite] INFO: Generated response for hinata: 202 characters
[2025-09-07 15:51:27] [cogs.roleplay_cog_sqlite] INFO: Generating response for hinata (prompt length: 1314)
[2025-09-07 15:51:28] [cogs.roleplay_cog_sqlite] INFO: Generated response for hinata: 214 characters
[2025-09-07 15:53:56] [discord_bot] DEBUG: Cleanup task executed
[2025-09-07 15:56:30] [cogs.roleplay_cog_sqlite] INFO: Ended idle session for user 486555340670894080
[2025-09-07 15:58:56] [discord_bot] DEBUG: Cleanup task executed
[2025-09-07 16:03:56] [discord_bot] DEBUG: Cleanup task executed
[2025-09-07 16:08:56] [discord_bot] DEBUG: Cleanup task executed
[2025-09-07 16:13:34] [cogs.roleplay_cog_sqlite] INFO: RP channel set to 1373278316907200564 by luffyanna
[2025-09-07 16:13:56] [discord_bot] DEBUG: Cleanup task executed
[2025-09-07 16:18:56] [discord_bot] DEBUG: Cleanup task executed
[2025-09-07 16:23:56] [discord_bot] DEBUG: Cleanup task executed
[2025-09-07 16:26:26] [cogs.roleplay_cog_sqlite] INFO: Character 'monika' added by lucifer_moring_star32
[2025-09-07 16:26:38] [cogs.roleplay_cog_sqlite] INFO: Roleplay session started: lucifer_moring_star32 as monika
[2025-09-07 16:26:44] [cogs.roleplay_cog_sqlite] INFO: Generating response for monika (prompt length: 500)
[2025-09-07 16:26:46] [cogs.roleplay_cog_sqlite] INFO: Generated response for monika: 67 characters
[2025-09-07 16:26:55] [cogs.roleplay_cog_sqlite] INFO: Generating response for monika (prompt length: 608)
[2025-09-07 16:26:56] [cogs.roleplay_cog_sqlite] INFO: Generated response for monika: 75 characters
[2025-09-07 16:27:08] [cogs.roleplay_cog_sqlite] INFO: Generating response for monika (prompt length: 729)
[2025-09-07 16:27:08] [cogs.roleplay_cog_sqlite] INFO: Generated response for monika: 71 characters
[2025-09-07 16:27:18] [cogs.roleplay_cog_sqlite] INFO: Generating response for monika (prompt length: 792)
[2025-09-07 16:27:18] [cogs.roleplay_cog_sqlite] INFO: Generated response for monika: 104 characters
[2025-09-07 16:27:31] [cogs.roleplay_cog_sqlite] INFO: Generating response for monika (prompt length: 847)
[2025-09-07 16:27:32] [cogs.roleplay_cog_sqlite] INFO: Generated response for monika: 131 characters
[2025-09-07 16:27:45] [cogs.roleplay_cog_sqlite] INFO: Generating response for monika (prompt length: 893)
[2025-09-07 16:27:46] [cogs.roleplay_cog_sqlite] INFO: Generated response for monika: 139 characters
[2025-09-07 16:36:58] [CFChecker] INFO: 🛡️ Cloudflare Checker initialized
[2025-09-07 16:36:58] [CFChecker] INFO: 🚀 CF Checker session initialized
[2025-09-07 16:36:58] [discord_bot] [32mINFO[0m: ✅ Loaded: Detection_Cog
[2025-09-07 16:36:58] [Rule34Debug] INFO: 🔧 Rule34 Debug version initialized
[2025-09-07 16:36:58] [Rule34Debug] INFO: 🚀 Rule34 Debug session initialized
[2025-09-07 16:36:58] [discord_bot] [32mINFO[0m: ✅ Loaded: instructor
[2025-09-07 16:36:58] [discord_bot] [32mINFO[0m: ✅ Loaded: r34
[2025-09-07 16:37:00] [cogs.roleplay_cog_sqlite] INFO: Database initialized successfully
[2025-09-07 16:37:00] [cogs.roleplay_cog_sqlite] INFO: Gemini API initialized successfully
[2025-09-07 16:37:00] [cogs.roleplay_cog_sqlite] INFO: RoleplaySQL cog loaded
[2025-09-07 16:37:00] [cogs.roleplay_cog_sqlite] INFO: RoleplaySQL cog loaded successfully!
[2025-09-07 16:37:00] [discord_bot] [32mINFO[0m: ✅ Loaded: roleplay_cog_sqlite
[2025-09-07 16:37:00] [discord_bot] [32mINFO[0m: Extension loading complete: 5 loaded, 0 failed
[2025-09-07 16:37:00] [discord_bot] [32mINFO[0m: Bot setup completed
[2025-09-07 16:37:00] [discord_bot] DEBUG: Cleanup task executed
[2025-09-07 16:37:00] [discord_bot] [32mINFO[0m: Database backed up to backups/backup_20250907.json
[2025-09-07 16:37:01] [discord.gateway] INFO: Shard ID None has connected to Gateway (Session ID: 6d29c40d40ac3c20d49ce629f5680a03).
[2025-09-07 16:37:03] [discord_bot] [32mINFO[0m: ✅ Logged in as natsu#8011 (ID: 1309808442751455243)
[2025-09-07 16:37:04] [cogs.roleplay_cog_sqlite] INFO: Ended idle session for user 806760863251038224
[2025-09-07 16:37:04] [discord_bot] [32mINFO[0m: ✅ Synced 11 global commands
[2025-09-07 16:37:04] [discord_bot] DEBUG: Command sync took 592.40ms
[2025-09-07 16:37:04] [discord_bot] [32mINFO[0m: Connected to 4 guilds:
[2025-09-07 16:37:04] [discord_bot] [32mINFO[0m:   • kirigakure: the hidden mist village (1331194168218751100) - 24 members
[2025-09-07 16:37:04] [discord_bot] [32mINFO[0m:   • ⚛  🎀  𝒮𝐸𝒢𝒢𝒴  🎀  ⚛ (1373276652796121210) - 24 members
[2025-09-07 16:37:04] [discord_bot] [32mINFO[0m:   • Raiduuuuwu (1306841087490392145) - 11 members
[2025-09-07 16:37:04] [discord_bot] [32mINFO[0m:   • gamer 1 (1303326543069708329) - 7 members
[2025-09-07 16:38:09] [cogs.roleplay_cog_sqlite] INFO: Roleplay session started: lucifer_moring_star32 as monika
[2025-09-07 16:38:20] [cogs.roleplay_cog_sqlite] INFO: Generating response for monika (prompt length: 962)
[2025-09-07 16:38:22] [cogs.roleplay_cog_sqlite] INFO: Generated response for monika: 72 characters
[2025-09-07 16:38:30] [cogs.roleplay_cog_sqlite] INFO: Generating response for monika (prompt length: 908)
[2025-09-07 16:38:30] [cogs.roleplay_cog_sqlite] INFO: Generated response for monika: 115 characters
[2025-09-07 16:38:41] [cogs.roleplay_cog_sqlite] INFO: Generating response for monika (prompt length: 892)
[2025-09-07 16:38:42] [cogs.roleplay_cog_sqlite] INFO: Generated response for monika: 114 characters
[2025-09-07 16:38:53] [cogs.roleplay_cog_sqlite] INFO: Generating response for monika (prompt length: 854)
[2025-09-07 16:38:54] [cogs.roleplay_cog_sqlite] INFO: Generated response for monika: 158 characters
[2025-09-07 16:39:14] [cogs.roleplay_cog_sqlite] INFO: Generating response for monika (prompt length: 988)
[2025-09-07 16:39:14] [cogs.roleplay_cog_sqlite] INFO: Generated response for monika: 88 characters
[2025-09-07 16:39:25] [cogs.roleplay_cog_sqlite] INFO: Generating response for monika (prompt length: 939)
[2025-09-07 16:39:26] [cogs.roleplay_cog_sqlite] INFO: Generated response for monika: 104 characters
[2025-09-07 16:42:00] [discord_bot] DEBUG: Cleanup task executed
[2025-09-07 16:44:34] [cogs.roleplay_cog_sqlite] INFO: Ended idle session for user 806760863251038224
[2025-09-07 16:47:00] [discord_bot] DEBUG: Cleanup task executed
[2025-09-07 16:52:00] [discord_bot] DEBUG: Cleanup task executed
[2025-09-07 16:57:00] [discord_bot] DEBUG: Cleanup task executed
[2025-09-07 17:02:00] [discord_bot] DEBUG: Cleanup task executed
[2025-09-07 17:07:00] [discord_bot] DEBUG: Cleanup task executed
[2025-09-07 17:12:00] [discord_bot] DEBUG: Cleanup task executed
[2025-09-07 17:17:00] [discord_bot] DEBUG: Cleanup task executed
[2025-09-07 17:22:00] [discord_bot] DEBUG: Cleanup task executed
[2025-09-07 17:27:00] [discord_bot] DEBUG: Cleanup task executed
[2025-09-07 17:32:00] [discord_bot] DEBUG: Cleanup task executed
[2025-09-07 17:37:00] [discord_bot] DEBUG: Cleanup task executed
[2025-09-07 17:42:00] [discord_bot] DEBUG: Cleanup task executed
[2025-09-07 17:47:00] [discord_bot] DEBUG: Cleanup task executed
[2025-09-08 15:46:36] [CFChecker] INFO: 🛡️ Cloudflare Checker initialized
[2025-09-08 15:46:36] [CFChecker] INFO: 🚀 CF Checker session initialized
[2025-09-08 15:46:36] [discord_bot] [32mINFO[0m: ✅ Loaded: Detection_Cog
[2025-09-08 15:46:36] [Rule34Debug] INFO: 🔧 Rule34 Debug version initialized
[2025-09-08 15:46:36] [Rule34Debug] INFO: 🚀 Rule34 Debug session initialized
[2025-09-08 15:46:36] [discord_bot] [32mINFO[0m: ✅ Loaded: instructor
[2025-09-08 15:46:36] [discord_bot] [32mINFO[0m: ✅ Loaded: r34
[2025-09-08 15:46:37] [cogs.roleplay_cog_sqlite] INFO: Database initialized successfully
[2025-09-08 15:46:37] [cogs.roleplay_cog_sqlite] INFO: Gemini API initialized successfully
[2025-09-08 15:46:37] [cogs.roleplay_cog_sqlite] INFO: RoleplaySQL cog loaded
[2025-09-08 15:46:37] [cogs.roleplay_cog_sqlite] INFO: RoleplaySQL cog loaded successfully!
[2025-09-08 15:46:37] [discord_bot] [32mINFO[0m: ✅ Loaded: roleplay_cog_sqlite
[2025-09-08 15:46:37] [discord_bot] [31mERROR[0m: ❌ Failed to load game: Extension 'cogs.game' raised an error: ModuleNotFoundError: No module named 'aiosqlite'
[2025-09-08 15:46:37] [discord_bot] [32mINFO[0m: Extension loading complete: 5 loaded, 1 failed
[2025-09-08 15:46:37] [discord_bot] [33mWARNING[0m: Failed cogs: game
[2025-09-08 15:46:37] [discord_bot] [32mINFO[0m: Bot setup completed
[2025-09-08 15:46:37] [discord_bot] DEBUG: Cleanup task executed
[2025-09-08 15:46:37] [discord_bot] [32mINFO[0m: Database backed up to backups/backup_20250908.json
[2025-09-08 15:46:38] [discord.gateway] INFO: Shard ID None has connected to Gateway (Session ID: 74422f605371df51608cd90e7ccb4f37).
[2025-09-08 15:46:40] [discord_bot] [32mINFO[0m: ✅ Logged in as natsu#8011 (ID: 1309808442751455243)
[2025-09-08 15:46:40] [discord_bot] [32mINFO[0m: ✅ Synced 11 global commands
[2025-09-08 15:46:40] [discord_bot] DEBUG: Command sync took 486.13ms
[2025-09-08 15:46:40] [discord_bot] [32mINFO[0m: Connected to 4 guilds:
[2025-09-08 15:46:40] [discord_bot] [32mINFO[0m:   • kirigakure: the hidden mist village (1331194168218751100) - 24 members
[2025-09-08 15:46:40] [discord_bot] [32mINFO[0m:   • ⚛  🎀  𝒮𝐸𝒢𝒢𝒴  🎀  ⚛ (1373276652796121210) - 24 members
[2025-09-08 15:46:40] [discord_bot] [32mINFO[0m:   • Raiduuuuwu (1306841087490392145) - 11 members
[2025-09-08 15:46:40] [discord_bot] [32mINFO[0m:   • gamer 1 (1303326543069708329) - 7 members
[2025-09-08 15:47:55] [CFChecker] INFO: 🛡️ Cloudflare Checker initialized
[2025-09-08 15:47:55] [CFChecker] INFO: 🚀 CF Checker session initialized
[2025-09-08 15:47:55] [discord_bot] [32mINFO[0m: ✅ Loaded: Detection_Cog
[2025-09-08 15:47:55] [Rule34Debug] INFO: 🔧 Rule34 Debug version initialized
[2025-09-08 15:47:55] [Rule34Debug] INFO: 🚀 Rule34 Debug session initialized
[2025-09-08 15:47:55] [discord_bot] [32mINFO[0m: ✅ Loaded: instructor
[2025-09-08 15:47:55] [discord_bot] [32mINFO[0m: ✅ Loaded: r34
[2025-09-08 15:47:55] [cogs.roleplay_cog_sqlite] INFO: Database initialized successfully
[2025-09-08 15:47:55] [cogs.roleplay_cog_sqlite] INFO: Gemini API initialized successfully
[2025-09-08 15:47:55] [cogs.roleplay_cog_sqlite] INFO: RoleplaySQL cog loaded
[2025-09-08 15:47:55] [cogs.roleplay_cog_sqlite] INFO: RoleplaySQL cog loaded successfully!
[2025-09-08 15:47:55] [discord_bot] [32mINFO[0m: ✅ Loaded: roleplay_cog_sqlite
[2025-09-08 15:47:56] [cogs.game] INFO: Database initialized successfully
[2025-09-08 15:47:56] [cogs.game] INFO: GameCog loaded successfully
[2025-09-08 15:47:56] [cogs.game] INFO: GameCog setup completed successfully
[2025-09-08 15:47:56] [discord_bot] [32mINFO[0m: ✅ Loaded: game
[2025-09-08 15:47:56] [discord_bot] [32mINFO[0m: Extension loading complete: 6 loaded, 0 failed
[2025-09-08 15:47:56] [discord_bot] [32mINFO[0m: Bot setup completed
[2025-09-08 15:47:56] [discord_bot] DEBUG: Cleanup task executed
[2025-09-08 15:47:56] [discord_bot] [32mINFO[0m: Database backed up to backups/backup_20250908.json
[2025-09-08 15:47:56] [discord.gateway] INFO: Shard ID None has connected to Gateway (Session ID: eb1bb2ca4cadae734aa36e6738eab54e).
[2025-09-08 15:47:59] [discord_bot] [32mINFO[0m: ✅ Logged in as natsu#8011 (ID: 1309808442751455243)
[2025-09-08 15:47:59] [cogs.game] INFO: Cleanup task completed
[2025-09-08 15:47:59] [discord_bot] [32mINFO[0m: ✅ Synced 12 global commands
[2025-09-08 15:47:59] [discord_bot] DEBUG: Command sync took 609.43ms
[2025-09-08 15:47:59] [discord_bot] [32mINFO[0m: Connected to 4 guilds:
[2025-09-08 15:47:59] [discord_bot] [32mINFO[0m:   • kirigakure: the hidden mist village (1331194168218751100) - 24 members
[2025-09-08 15:47:59] [discord_bot] [32mINFO[0m:   • ⚛  🎀  𝒮𝐸𝒢𝒢𝒴  🎀  ⚛ (1373276652796121210) - 24 members
[2025-09-08 15:47:59] [discord_bot] [32mINFO[0m:   • Raiduuuuwu (1306841087490392145) - 11 members
[2025-09-08 15:47:59] [discord_bot] [32mINFO[0m:   • gamer 1 (1303326543069708329) - 7 members
[2025-09-08 15:49:45] [cogs.game] INFO: Exported 0 games to JSON
[2025-09-08 15:52:56] [discord_bot] DEBUG: Cleanup task executed
[2025-09-08 15:57:56] [discord_bot] DEBUG: Cleanup task executed
[2025-09-08 16:02:56] [discord_bot] DEBUG: Cleanup task executed
[2025-09-08 16:07:56] [discord_bot] DEBUG: Cleanup task executed
[2025-09-08 16:12:56] [discord_bot] DEBUG: Cleanup task executed
[2025-09-08 16:16:32] [CFChecker] INFO: 🛡️ Cloudflare Checker initialized
[2025-09-08 16:16:32] [CFChecker] INFO: 🚀 CF Checker session initialized
[2025-09-08 16:16:32] [discord_bot] [32mINFO[0m: ✅ Loaded: Detection_Cog
[2025-09-08 16:16:32] [Rule34Debug] INFO: 🔧 Rule34 Debug version initialized
[2025-09-08 16:16:32] [Rule34Debug] INFO: 🚀 Rule34 Debug session initialized
[2025-09-08 16:16:32] [discord_bot] [32mINFO[0m: ✅ Loaded: instructor
[2025-09-08 16:16:32] [discord_bot] [32mINFO[0m: ✅ Loaded: r34
[2025-09-08 16:16:33] [cogs.roleplay_cog_sqlite] INFO: Database initialized successfully
[2025-09-08 16:16:33] [cogs.roleplay_cog_sqlite] INFO: Gemini API initialized successfully
[2025-09-08 16:16:33] [cogs.roleplay_cog_sqlite] INFO: RoleplaySQL cog loaded
[2025-09-08 16:16:33] [cogs.roleplay_cog_sqlite] INFO: RoleplaySQL cog loaded successfully!
[2025-09-08 16:16:33] [discord_bot] [32mINFO[0m: ✅ Loaded: roleplay_cog_sqlite
[2025-09-08 16:16:33] [cogs.game] INFO: Database initialized successfully
[2025-09-08 16:16:33] [cogs.game] INFO: Imported 0 games, 0 errors
[2025-09-08 16:16:33] [cogs.game] INFO: Imported 0 games from JSON on startup
[2025-09-08 16:16:33] [cogs.game] INFO: GameCog loaded successfully
[2025-09-08 16:16:33] [cogs.game] INFO: GameCog setup completed successfully
[2025-09-08 16:16:33] [discord_bot] [32mINFO[0m: ✅ Loaded: game
[2025-09-08 16:16:33] [discord_bot] [31mERROR[0m: ❌ Failed to load nutaku: Extension 'cogs.nutaku' raised an error: ModuleNotFoundError: No module named 'cogs.natsu_game_cog'
[2025-09-08 16:16:33] [discord_bot] [32mINFO[0m: Extension loading complete: 6 loaded, 1 failed
[2025-09-08 16:16:33] [discord_bot] [33mWARNING[0m: Failed cogs: nutaku
[2025-09-08 16:16:33] [discord_bot] [32mINFO[0m: Bot setup completed
[2025-09-08 16:16:33] [discord_bot] DEBUG: Cleanup task executed
[2025-09-08 16:16:33] [discord_bot] [32mINFO[0m: Database backed up to backups/backup_20250908.json
[2025-09-08 16:16:33] [discord.gateway] INFO: Shard ID None has connected to Gateway (Session ID: 1dba51408ab945c975e238715dddeeee).
[2025-09-08 16:16:35] [discord_bot] [32mINFO[0m: ✅ Logged in as natsu#8011 (ID: 1309808442751455243)
[2025-09-08 16:16:36] [cogs.game] INFO: Cleanup task completed
[2025-09-08 16:16:36] [discord_bot] [32mINFO[0m: ✅ Synced 12 global commands
[2025-09-08 16:16:36] [discord_bot] DEBUG: Command sync took 567.18ms
[2025-09-08 16:16:36] [discord_bot] [32mINFO[0m: Connected to 4 guilds:
[2025-09-08 16:16:36] [discord_bot] [32mINFO[0m:   • kirigakure: the hidden mist village (1331194168218751100) - 24 members
[2025-09-08 16:16:36] [discord_bot] [32mINFO[0m:   • ⚛  🎀  𝒮𝐸𝒢𝒢𝒴  🎀  ⚛ (1373276652796121210) - 24 members
[2025-09-08 16:16:36] [discord_bot] [32mINFO[0m:   • Raiduuuuwu (1306841087490392145) - 11 members
[2025-09-08 16:16:36] [discord_bot] [32mINFO[0m:   • gamer 1 (1303326543069708329) - 7 members
[2025-09-08 16:17:20] [CFChecker] INFO: 🛡️ Cloudflare Checker initialized
[2025-09-08 16:17:20] [CFChecker] INFO: 🚀 CF Checker session initialized
[2025-09-08 16:17:20] [discord_bot] [32mINFO[0m: ✅ Loaded: Detection_Cog
[2025-09-08 16:17:20] [Rule34Debug] INFO: 🔧 Rule34 Debug version initialized
[2025-09-08 16:17:20] [Rule34Debug] INFO: 🚀 Rule34 Debug session initialized
[2025-09-08 16:17:20] [discord_bot] [32mINFO[0m: ✅ Loaded: instructor
[2025-09-08 16:17:20] [discord_bot] [32mINFO[0m: ✅ Loaded: r34
[2025-09-08 16:17:20] [cogs.roleplay_cog_sqlite] INFO: Database initialized successfully
[2025-09-08 16:17:20] [cogs.roleplay_cog_sqlite] INFO: Gemini API initialized successfully
[2025-09-08 16:17:20] [cogs.roleplay_cog_sqlite] INFO: RoleplaySQL cog loaded
[2025-09-08 16:17:20] [cogs.roleplay_cog_sqlite] INFO: RoleplaySQL cog loaded successfully!
[2025-09-08 16:17:20] [discord_bot] [32mINFO[0m: ✅ Loaded: roleplay_cog_sqlite
[2025-09-08 16:17:20] [cogs.game] INFO: Database initialized successfully
[2025-09-08 16:17:20] [cogs.game] INFO: Imported 0 games, 0 errors
[2025-09-08 16:17:20] [cogs.game] INFO: Imported 0 games from JSON on startup
[2025-09-08 16:17:20] [cogs.game] INFO: GameCog loaded successfully
[2025-09-08 16:17:20] [cogs.game] INFO: GameCog setup completed successfully
[2025-09-08 16:17:20] [discord_bot] [32mINFO[0m: ✅ Loaded: game
[2025-09-08 16:17:20] [discord_bot] [32mINFO[0m: ✅ Loaded: nutaku
[2025-09-08 16:17:20] [discord_bot] [32mINFO[0m: Extension loading complete: 7 loaded, 0 failed
[2025-09-08 16:17:20] [discord_bot] [32mINFO[0m: Bot setup completed
[2025-09-08 16:17:20] [discord_bot] DEBUG: Cleanup task executed
[2025-09-08 16:17:20] [discord_bot] [32mINFO[0m: Database backed up to backups/backup_20250908.json
[2025-09-08 16:17:21] [discord.gateway] INFO: Shard ID None has connected to Gateway (Session ID: aabd98c0dbdfb9dc252777a3a2205aa9).
[2025-09-08 16:17:23] [discord_bot] [32mINFO[0m: ✅ Logged in as natsu#8011 (ID: 1309808442751455243)
[2025-09-08 16:17:23] [cogs.game] INFO: Cleanup task completed
[2025-09-08 16:17:23] [discord_bot] [32mINFO[0m: ✅ Synced 13 global commands
[2025-09-08 16:17:23] [discord_bot] DEBUG: Command sync took 523.50ms
[2025-09-08 16:17:23] [discord_bot] [32mINFO[0m: Connected to 4 guilds:
[2025-09-08 16:17:23] [discord_bot] [32mINFO[0m:   • kirigakure: the hidden mist village (1331194168218751100) - 24 members
[2025-09-08 16:17:23] [discord_bot] [32mINFO[0m:   • ⚛  🎀  𝒮𝐸𝒢𝒢𝒴  🎀  ⚛ (1373276652796121210) - 24 members
[2025-09-08 16:17:23] [discord_bot] [32mINFO[0m:   • Raiduuuuwu (1306841087490392145) - 11 members
[2025-09-08 16:17:23] [discord_bot] [32mINFO[0m:   • gamer 1 (1303326543069708329) - 7 members
[2025-09-08 16:18:48] [CFChecker] INFO: 🛡️ Cloudflare Checker initialized
[2025-09-08 16:18:48] [CFChecker] INFO: 🚀 CF Checker session initialized
[2025-09-08 16:18:48] [discord_bot] [32mINFO[0m: ✅ Loaded: Detection_Cog
[2025-09-08 16:18:48] [Rule34Debug] INFO: 🔧 Rule34 Debug version initialized
[2025-09-08 16:18:48] [Rule34Debug] INFO: 🚀 Rule34 Debug session initialized
[2025-09-08 16:18:48] [discord_bot] [32mINFO[0m: ✅ Loaded: instructor
[2025-09-08 16:18:48] [discord_bot] [32mINFO[0m: ✅ Loaded: r34
[2025-09-08 16:18:48] [cogs.roleplay_cog_sqlite] INFO: Database initialized successfully
[2025-09-08 16:18:48] [cogs.roleplay_cog_sqlite] INFO: Gemini API initialized successfully
[2025-09-08 16:18:48] [cogs.roleplay_cog_sqlite] INFO: RoleplaySQL cog loaded
[2025-09-08 16:18:48] [cogs.roleplay_cog_sqlite] INFO: RoleplaySQL cog loaded successfully!
[2025-09-08 16:18:48] [discord_bot] [32mINFO[0m: ✅ Loaded: roleplay_cog_sqlite
[2025-09-08 16:18:48] [cogs.game] INFO: Database initialized successfully
[2025-09-08 16:18:48] [cogs.game] INFO: Imported 0 games, 0 errors
[2025-09-08 16:18:48] [cogs.game] INFO: Imported 0 games from JSON on startup
[2025-09-08 16:18:48] [cogs.game] INFO: GameCog loaded successfully
[2025-09-08 16:18:48] [cogs.game] INFO: GameCog setup completed successfully
[2025-09-08 16:18:48] [discord_bot] [32mINFO[0m: ✅ Loaded: game
[2025-09-08 16:18:48] [discord_bot] [32mINFO[0m: ✅ Loaded: nutaku
[2025-09-08 16:18:48] [discord_bot] [32mINFO[0m: Extension loading complete: 7 loaded, 0 failed
[2025-09-08 16:18:48] [discord_bot] [32mINFO[0m: Bot setup completed
[2025-09-08 16:18:48] [discord_bot] DEBUG: Cleanup task executed
[2025-09-08 16:18:48] [discord_bot] [32mINFO[0m: Database backed up to backups/backup_20250908.json
[2025-09-08 16:18:49] [discord.gateway] INFO: Shard ID None has connected to Gateway (Session ID: 95e304e88e9e39cbd5b585e5d0ed075f).
[2025-09-08 16:18:51] [discord_bot] [32mINFO[0m: ✅ Logged in as natsu#8011 (ID: 1309808442751455243)
[2025-09-08 16:18:52] [cogs.game] INFO: Cleanup task completed
[2025-09-08 16:18:52] [discord_bot] [32mINFO[0m: ✅ Synced 13 global commands
[2025-09-08 16:18:52] [discord_bot] DEBUG: Command sync took 637.36ms
[2025-09-08 16:18:52] [discord_bot] [32mINFO[0m: Connected to 4 guilds:
[2025-09-08 16:18:52] [discord_bot] [32mINFO[0m:   • kirigakure: the hidden mist village (1331194168218751100) - 24 members
[2025-09-08 16:18:52] [discord_bot] [32mINFO[0m:   • ⚛  🎀  𝒮𝐸𝒢𝒢𝒴  🎀  ⚛ (1373276652796121210) - 24 members
[2025-09-08 16:18:52] [discord_bot] [32mINFO[0m:   • Raiduuuuwu (1306841087490392145) - 11 members
[2025-09-08 16:18:52] [discord_bot] [32mINFO[0m:   • gamer 1 (1303326543069708329) - 7 members
[2025-09-08 16:19:23] [cogs.nutaku] WARNING: Page not found: https://www.nutaku.net/games/trending/
[2025-09-08 16:19:23] [cogs.nutaku] WARNING: Page not found: https://www.nutaku.net/games/new/
[2025-09-08 16:19:26] [cogs.game] ERROR: Gemini API error: 404 models/gemini-pro is not found for API version v1beta, or is not supported for generateContent. Call ListModels to see the list of available models and their supported methods.
[2025-09-08 16:20:08] [cogs.nutaku] WARNING: Page not found: https://www.nutaku.net/games/trending/
[2025-09-08 16:20:20] [cogs.nutaku] ERROR: Error fetching user preferences: no such table: user_prefs
[2025-09-08 16:20:21] [cogs.nutaku] WARNING: Page not found: https://www.nutaku.net/games/trending/
[2025-09-08 16:21:50] [cogs.nutaku] WARNING: Page not found: https://www.nutaku.net/games/trending/
[2025-09-08 16:21:50] [cogs.nutaku] WARNING: Page not found: https://www.nutaku.net/games/new/
[2025-09-08 16:21:53] [cogs.game] ERROR: Gemini API error: 404 models/gemini-pro is not found for API version v1beta, or is not supported for generateContent. Call ListModels to see the list of available models and their supported methods.
[2025-09-08 16:23:48] [discord_bot] DEBUG: Cleanup task executed
[2025-09-08 16:25:42] [cogs.game] INFO: Imported 0 games, 0 errors
[2025-09-08 16:26:15] [cogs.game] INFO: Imported 0 games, 0 errors
[2025-09-08 16:26:31] [cogs.game] INFO: Imported 0 games, 0 errors
[2025-09-08 16:27:18] [cogs.game] ERROR: JSON import failed: Extra data: line 5 column 2 (char 84)
[2025-09-08 16:28:12] [cogs.game] INFO: Imported 2 games, 0 errors
[2025-09-08 16:28:48] [discord_bot] DEBUG: Cleanup task executed
[2025-09-08 16:32:59] [cogs.game] ERROR: Database error (attempt 1): UNIQUE constraint failed: games.link
[2025-09-08 16:32:59] [cogs.game] ERROR: Database error (attempt 2): UNIQUE constraint failed: games.link
[2025-09-08 16:33:00] [cogs.game] ERROR: Database error (attempt 3): UNIQUE constraint failed: games.link
[2025-09-08 16:33:00] [cogs.game] WARNING: Failed to import game 'Peerless Lust': Database operation failed after 3 attempts: UNIQUE constraint failed: games.link
[2025-09-08 16:33:00] [cogs.game] ERROR: Database error (attempt 1): UNIQUE constraint failed: games.link
[2025-09-08 16:33:01] [cogs.game] ERROR: Database error (attempt 2): UNIQUE constraint failed: games.link
[2025-09-08 16:33:02] [cogs.game] ERROR: Database error (attempt 3): UNIQUE constraint failed: games.link
[2025-09-08 16:33:02] [cogs.game] WARNING: Failed to import game 'Goddess Whim': Database operation failed after 3 attempts: UNIQUE constraint failed: games.link
[2025-09-08 16:33:02] [cogs.game] INFO: Imported 18 games, 2 errors
[2025-09-08 16:33:48] [discord_bot] DEBUG: Cleanup task executed
[2025-09-08 16:37:04] [cogs.game] ERROR: Gemini API error: 404 models/gemini-pro is not found for API version v1beta, or is not supported for generateContent. Call ListModels to see the list of available models and their supported methods.
[2025-09-08 16:38:48] [discord_bot] DEBUG: Cleanup task executed
[2025-09-08 16:42:19] [CFChecker] INFO: 🛡️ Cloudflare Checker initialized
[2025-09-08 16:42:19] [CFChecker] INFO: 🚀 CF Checker session initialized
[2025-09-08 16:42:19] [discord_bot] [32mINFO[0m: ✅ Loaded: Detection_Cog
[2025-09-08 16:42:19] [Rule34Debug] INFO: 🔧 Rule34 Debug version initialized
[2025-09-08 16:42:19] [Rule34Debug] INFO: 🚀 Rule34 Debug session initialized
[2025-09-08 16:42:19] [discord_bot] [32mINFO[0m: ✅ Loaded: instructor
[2025-09-08 16:42:19] [discord_bot] [32mINFO[0m: ✅ Loaded: r34
[2025-09-08 16:42:20] [cogs.roleplay_cog_sqlite] INFO: Database initialized successfully
[2025-09-08 16:42:20] [cogs.roleplay_cog_sqlite] INFO: Gemini API initialized successfully
[2025-09-08 16:42:20] [cogs.roleplay_cog_sqlite] INFO: RoleplaySQL cog loaded
[2025-09-08 16:42:20] [cogs.roleplay_cog_sqlite] INFO: RoleplaySQL cog loaded successfully!
[2025-09-08 16:42:20] [discord_bot] [32mINFO[0m: ✅ Loaded: roleplay_cog_sqlite
[2025-09-08 16:42:20] [discord_bot] [32mINFO[0m: ✅ Loaded: nutaku
[2025-09-08 16:42:20] [cogs.game] INFO: Database initialized successfully
[2025-09-08 16:42:20] [cogs.game] ERROR: Database error (attempt 1): UNIQUE constraint failed: games.link
[2025-09-08 16:42:20] [cogs.game] ERROR: Database error (attempt 2): UNIQUE constraint failed: games.link
[2025-09-08 16:42:21] [cogs.game] ERROR: Database error (attempt 3): UNIQUE constraint failed: games.link
[2025-09-08 16:42:21] [cogs.game] WARNING: Failed to import game 'Peerless Lust': Database operation failed after 3 attempts: UNIQUE constraint failed: games.link
[2025-09-08 16:42:21] [cogs.game] ERROR: Database error (attempt 1): UNIQUE constraint failed: games.link
[2025-09-08 16:42:22] [cogs.game] ERROR: Database error (attempt 2): UNIQUE constraint failed: games.link
[2025-09-08 16:42:23] [cogs.game] ERROR: Database error (attempt 3): UNIQUE constraint failed: games.link
[2025-09-08 16:42:23] [cogs.game] WARNING: Failed to import game 'Goddess Whim': Database operation failed after 3 attempts: UNIQUE constraint failed: games.link
[2025-09-08 16:42:23] [cogs.game] ERROR: Database error (attempt 1): UNIQUE constraint failed: games.link
[2025-09-08 16:42:23] [cogs.game] ERROR: Database error (attempt 2): UNIQUE constraint failed: games.link
[2025-09-08 16:42:24] [cogs.game] ERROR: Database error (attempt 3): UNIQUE constraint failed: games.link
[2025-09-08 16:42:24] [cogs.game] WARNING: Failed to import game 'Booty Calls': Database operation failed after 3 attempts: UNIQUE constraint failed: games.link
[2025-09-08 16:42:24] [cogs.game] ERROR: Database error (attempt 1): UNIQUE constraint failed: games.link
[2025-09-08 16:42:25] [cogs.game] ERROR: Database error (attempt 2): UNIQUE constraint failed: games.link
[2025-09-08 16:42:26] [cogs.game] ERROR: Database error (attempt 3): UNIQUE constraint failed: games.link
[2025-09-08 16:42:26] [cogs.game] WARNING: Failed to import game 'Fap CEO': Database operation failed after 3 attempts: UNIQUE constraint failed: games.link
[2025-09-08 16:42:26] [cogs.game] ERROR: Database error (attempt 1): UNIQUE constraint failed: games.link
[2025-09-08 16:42:26] [cogs.game] ERROR: Database error (attempt 2): UNIQUE constraint failed: games.link
[2025-09-08 16:42:27] [cogs.game] ERROR: Database error (attempt 3): UNIQUE constraint failed: games.link
[2025-09-08 16:42:27] [cogs.game] WARNING: Failed to import game 'Crush Crush': Database operation failed after 3 attempts: UNIQUE constraint failed: games.link
[2025-09-08 16:42:27] [cogs.game] ERROR: Database error (attempt 1): UNIQUE constraint failed: games.link
[2025-09-08 16:42:28] [cogs.game] ERROR: Database error (attempt 2): UNIQUE constraint failed: games.link
[2025-09-08 16:42:29] [cogs.game] ERROR: Database error (attempt 3): UNIQUE constraint failed: games.link
[2025-09-08 16:42:29] [cogs.game] WARNING: Failed to import game 'Harem Heroes': Database operation failed after 3 attempts: UNIQUE constraint failed: games.link
[2025-09-08 16:42:29] [cogs.game] ERROR: Database error (attempt 1): UNIQUE constraint failed: games.link
[2025-09-08 16:42:29] [cogs.game] ERROR: Database error (attempt 2): UNIQUE constraint failed: games.link
[2025-09-08 16:42:30] [cogs.game] ERROR: Database error (attempt 3): UNIQUE constraint failed: games.link
[2025-09-08 16:42:30] [cogs.game] WARNING: Failed to import game 'Panthea: Erotic Visual Novel': Database operation failed after 3 attempts: UNIQUE constraint failed: games.link
[2025-09-08 16:42:30] [cogs.game] ERROR: Database error (attempt 1): UNIQUE constraint failed: games.link
[2025-09-08 16:42:31] [cogs.game] ERROR: Database error (attempt 2): UNIQUE constraint failed: games.link
[2025-09-08 16:42:32] [cogs.game] ERROR: Database error (attempt 3): UNIQUE constraint failed: games.link
[2025-09-08 16:42:32] [cogs.game] WARNING: Failed to import game 'Project QT': Database operation failed after 3 attempts: UNIQUE constraint failed: games.link
[2025-09-08 16:42:32] [cogs.game] ERROR: Database error (attempt 1): UNIQUE constraint failed: games.link
[2025-09-08 16:42:32] [cogs.game] ERROR: Database error (attempt 2): UNIQUE constraint failed: games.link
[2025-09-08 16:42:33] [cogs.game] ERROR: Database error (attempt 3): UNIQUE constraint failed: games.link
[2025-09-08 16:42:33] [cogs.game] WARNING: Failed to import game 'Detective Girl of the Steam City': Database operation failed after 3 attempts: UNIQUE constraint failed: games.link
[2025-09-08 16:42:33] [cogs.game] ERROR: Database error (attempt 1): UNIQUE constraint failed: games.link
[2025-09-08 16:42:34] [cogs.game] ERROR: Database error (attempt 2): UNIQUE constraint failed: games.link
[2025-09-08 16:42:35] [cogs.game] ERROR: Database error (attempt 3): UNIQUE constraint failed: games.link
[2025-09-08 16:42:35] [cogs.game] WARNING: Failed to import game 'Evenicle': Database operation failed after 3 attempts: UNIQUE constraint failed: games.link
[2025-09-08 16:42:35] [cogs.game] ERROR: Database error (attempt 1): UNIQUE constraint failed: games.link
[2025-09-08 16:42:35] [cogs.game] ERROR: Database error (attempt 2): UNIQUE constraint failed: games.link
[2025-09-08 16:42:36] [cogs.game] ERROR: Database error (attempt 3): UNIQUE constraint failed: games.link
[2025-09-08 16:42:36] [cogs.game] WARNING: Failed to import game 'Fap Titans': Database operation failed after 3 attempts: UNIQUE constraint failed: games.link
[2025-09-08 16:42:36] [cogs.game] ERROR: Database error (attempt 1): UNIQUE constraint failed: games.link
[2025-09-08 16:42:37] [cogs.game] ERROR: Database error (attempt 2): UNIQUE constraint failed: games.link
[2025-09-08 16:42:38] [cogs.game] ERROR: Database error (attempt 3): UNIQUE constraint failed: games.link
[2025-09-08 16:42:38] [cogs.game] WARNING: Failed to import game 'Kamihime Project': Database operation failed after 3 attempts: UNIQUE constraint failed: games.link
[2025-09-08 16:42:38] [cogs.game] ERROR: Database error (attempt 1): UNIQUE constraint failed: games.link
[2025-09-08 16:42:38] [cogs.game] ERROR: Database error (attempt 2): UNIQUE constraint failed: games.link
[2025-09-08 16:42:39] [cogs.game] ERROR: Database error (attempt 3): UNIQUE constraint failed: games.link
[2025-09-08 16:42:39] [cogs.game] WARNING: Failed to import game 'Fapland': Database operation failed after 3 attempts: UNIQUE constraint failed: games.link
[2025-09-08 16:42:39] [cogs.game] ERROR: Database error (attempt 1): UNIQUE constraint failed: games.link
[2025-09-08 16:42:40] [cogs.game] ERROR: Database error (attempt 2): UNIQUE constraint failed: games.link
[2025-09-08 16:42:41] [cogs.game] ERROR: Database error (attempt 3): UNIQUE constraint failed: games.link
[2025-09-08 16:42:41] [cogs.game] WARNING: Failed to import game 'Blush Blush': Database operation failed after 3 attempts: UNIQUE constraint failed: games.link
[2025-09-08 16:42:41] [cogs.game] ERROR: Database error (attempt 1): UNIQUE constraint failed: games.link
[2025-09-08 16:42:41] [cogs.game] ERROR: Database error (attempt 2): UNIQUE constraint failed: games.link
[2025-09-08 16:42:42] [cogs.game] ERROR: Database error (attempt 3): UNIQUE constraint failed: games.link
[2025-09-08 16:42:42] [cogs.game] WARNING: Failed to import game 'Fap Queen': Database operation failed after 3 attempts: UNIQUE constraint failed: games.link
[2025-09-08 16:42:42] [cogs.game] ERROR: Database error (attempt 1): UNIQUE constraint failed: games.link
[2025-09-08 16:42:43] [cogs.game] ERROR: Database error (attempt 2): UNIQUE constraint failed: games.link
[2025-09-08 16:42:44] [cogs.game] ERROR: Database error (attempt 3): UNIQUE constraint failed: games.link
[2025-09-08 16:42:44] [cogs.game] WARNING: Failed to import game 'Booty Farm': Database operation failed after 3 attempts: UNIQUE constraint failed: games.link
[2025-09-08 16:42:44] [cogs.game] ERROR: Database error (attempt 1): UNIQUE constraint failed: games.link
[2025-09-08 16:42:44] [cogs.game] ERROR: Database error (attempt 2): UNIQUE constraint failed: games.link
[2025-09-08 16:42:45] [cogs.game] ERROR: Database error (attempt 3): UNIQUE constraint failed: games.link
[2025-09-08 16:42:45] [cogs.game] WARNING: Failed to import game 'Love & Sex: Second Base': Database operation failed after 3 attempts: UNIQUE constraint failed: games.link
[2025-09-08 16:42:45] [cogs.game] ERROR: Database error (attempt 1): UNIQUE constraint failed: games.link
[2025-09-08 16:42:46] [cogs.game] ERROR: Database error (attempt 2): UNIQUE constraint failed: games.link
[2025-09-08 16:42:47] [cogs.game] ERROR: Database error (attempt 3): UNIQUE constraint failed: games.link
[2025-09-08 16:42:47] [cogs.game] WARNING: Failed to import game 'Fap Fantasy': Database operation failed after 3 attempts: UNIQUE constraint failed: games.link
[2025-09-08 16:42:47] [cogs.game] ERROR: Database error (attempt 1): UNIQUE constraint failed: games.link
[2025-09-08 16:42:47] [cogs.game] ERROR: Database error (attempt 2): UNIQUE constraint failed: games.link
[2025-09-08 16:42:48] [cogs.game] ERROR: Database error (attempt 3): UNIQUE constraint failed: games.link
[2025-09-08 16:42:48] [cogs.game] WARNING: Failed to import game 'Girls Connect': Database operation failed after 3 attempts: UNIQUE constraint failed: games.link
[2025-09-08 16:42:48] [cogs.game] ERROR: Database error (attempt 1): UNIQUE constraint failed: games.link
[2025-09-08 16:42:49] [cogs.game] ERROR: Database error (attempt 2): UNIQUE constraint failed: games.link
[2025-09-08 16:42:50] [cogs.game] ERROR: Database error (attempt 3): UNIQUE constraint failed: games.link
[2025-09-08 16:42:50] [cogs.game] WARNING: Failed to import game 'Fap Office': Database operation failed after 3 attempts: UNIQUE constraint failed: games.link
[2025-09-08 16:42:50] [cogs.game] INFO: Imported 0 games, 20 errors
[2025-09-08 16:42:50] [cogs.game] INFO: Imported 0 games from JSON on startup
[2025-09-08 16:42:50] [cogs.game] INFO: GameCog loaded successfully
[2025-09-08 16:42:50] [cogs.game] INFO: GameCog setup completed successfully
[2025-09-08 16:42:50] [discord_bot] [32mINFO[0m: ✅ Loaded: game
[2025-09-08 16:42:50] [discord_bot] [32mINFO[0m: Extension loading complete: 7 loaded, 0 failed
[2025-09-08 16:42:50] [discord_bot] [32mINFO[0m: Bot setup completed
[2025-09-08 16:42:50] [discord_bot] DEBUG: Cleanup task executed
[2025-09-08 16:42:50] [discord_bot] [32mINFO[0m: Database backed up to backups/backup_20250908.json
[2025-09-08 16:42:51] [discord.gateway] INFO: Shard ID None has connected to Gateway (Session ID: 0bcd1c61b6bed3eb0f140d23f10ba6be).
[2025-09-08 16:42:53] [discord_bot] [32mINFO[0m: ✅ Logged in as natsu#8011 (ID: 1309808442751455243)
[2025-09-08 16:42:53] [cogs.game] INFO: Cleanup task completed
[2025-09-08 16:42:54] [discord_bot] [32mINFO[0m: ✅ Synced 13 global commands
[2025-09-08 16:42:54] [discord_bot] DEBUG: Command sync took 920.45ms
[2025-09-08 16:42:54] [discord_bot] [32mINFO[0m: Connected to 4 guilds:
[2025-09-08 16:42:54] [discord_bot] [32mINFO[0m:   • kirigakure: the hidden mist village (1331194168218751100) - 24 members
[2025-09-08 16:42:54] [discord_bot] [32mINFO[0m:   • ⚛  🎀  𝒮𝐸𝒢𝒢𝒴  🎀  ⚛ (1373276652796121210) - 24 members
[2025-09-08 16:42:54] [discord_bot] [32mINFO[0m:   • Raiduuuuwu (1306841087490392145) - 11 members
[2025-09-08 16:42:54] [discord_bot] [32mINFO[0m:   • gamer 1 (1303326543069708329) - 7 members
[2025-09-08 16:47:50] [discord_bot] DEBUG: Cleanup task executed
[2025-09-08 16:58:33] [CFChecker] INFO: 🛡️ Cloudflare Checker initialized
[2025-09-08 16:58:33] [CFChecker] INFO: 🚀 CF Checker session initialized
[2025-09-08 16:58:33] [discord_bot] [32mINFO[0m: ✅ Loaded: Detection_Cog
[2025-09-08 16:58:33] [discord_bot] [31mERROR[0m: ❌ Failed to load game: Extension 'cogs.game' raised an error: ModuleNotFoundError: No module named 'aiosqlite'
[2025-09-08 16:58:33] [Rule34Debug] INFO: 🔧 Rule34 Debug version initialized
[2025-09-08 16:58:33] [Rule34Debug] INFO: 🚀 Rule34 Debug session initialized
[2025-09-08 16:58:33] [discord_bot] [32mINFO[0m: ✅ Loaded: instructor
[2025-09-08 16:58:33] [discord_bot] [31mERROR[0m: ❌ Failed to load nutaku: Extension 'cogs.nutaku' raised an error: ModuleNotFoundError: No module named 'aiosqlite'
[2025-09-08 16:58:33] [discord_bot] [32mINFO[0m: ✅ Loaded: r34
[2025-09-08 16:58:33] [discord_bot] [31mERROR[0m: ❌ Failed to load roleplay_cog_sqlite: Extension 'cogs.roleplay_cog_sqlite' raised an error: ModuleNotFoundError: No module named 'google'
[2025-09-08 16:58:33] [discord_bot] [32mINFO[0m: ✅ Loaded: verification
[2025-09-08 16:58:33] [discord_bot] [32mINFO[0m: Extension loading complete: 4 loaded, 3 failed
[2025-09-08 16:58:33] [discord_bot] [33mWARNING[0m: Failed cogs: game, nutaku, roleplay_cog_sqlite
[2025-09-08 16:58:33] [discord_bot] [32mINFO[0m: Bot setup completed
[2025-09-08 16:58:33] [discord_bot] DEBUG: Cleanup task executed
[2025-09-08 16:58:33] [discord_bot] [32mINFO[0m: Database backed up to backups/backup_20250908.json
[2025-09-08 16:58:34] [discord.gateway] INFO: Shard ID None has connected to Gateway (Session ID: 3d2b0b8b7ebfdeb3bc41ba529d818091).
[2025-09-08 16:58:36] [discord_bot] [32mINFO[0m: ✅ Logged in as natsu#8011 (ID: 1309808442751455243)
[2025-09-08 16:58:37] [discord_bot] [32mINFO[0m: ✅ Synced 5 global commands
[2025-09-08 16:58:37] [discord_bot] DEBUG: Command sync took 448.88ms
[2025-09-08 16:58:37] [discord_bot] [32mINFO[0m: Connected to 4 guilds:
[2025-09-08 16:58:37] [discord_bot] [32mINFO[0m:   • kirigakure: the hidden mist village (1331194168218751100) - 24 members
[2025-09-08 16:58:37] [discord_bot] [32mINFO[0m:   • ⚛  🎀  𝒮𝐸𝒢𝒢𝒴  🎀  ⚛ (1373276652796121210) - 24 members
[2025-09-08 16:58:37] [discord_bot] [32mINFO[0m:   • Raiduuuuwu (1306841087490392145) - 11 members
[2025-09-08 16:58:37] [discord_bot] [32mINFO[0m:   • gamer 1 (1303326543069708329) - 7 members
[2025-09-08 16:58:54] [CFChecker] INFO: 🛡️ Cloudflare Checker initialized
[2025-09-08 16:58:54] [CFChecker] INFO: 🚀 CF Checker session initialized
[2025-09-08 16:58:54] [discord_bot] [32mINFO[0m: ✅ Loaded: Detection_Cog
[2025-09-08 16:58:57] [cogs.game] INFO: Database initialized successfully
[2025-09-08 16:58:57] [cogs.game] ERROR: Database error (attempt 1): UNIQUE constraint failed: games.link
[2025-09-08 16:58:57] [cogs.game] ERROR: Database error (attempt 2): UNIQUE constraint failed: games.link
[2025-09-08 16:58:58] [cogs.game] ERROR: Database error (attempt 3): UNIQUE constraint failed: games.link
[2025-09-08 16:58:58] [cogs.game] WARNING: Failed to import game 'Peerless Lust': Database operation failed after 3 attempts: UNIQUE constraint failed: games.link
[2025-09-08 16:58:58] [cogs.game] ERROR: Database error (attempt 1): UNIQUE constraint failed: games.link
[2025-09-08 16:58:59] [cogs.game] ERROR: Database error (attempt 2): UNIQUE constraint failed: games.link
[2025-09-08 16:59:00] [cogs.game] ERROR: Database error (attempt 3): UNIQUE constraint failed: games.link
[2025-09-08 16:59:00] [cogs.game] WARNING: Failed to import game 'Goddess Whim': Database operation failed after 3 attempts: UNIQUE constraint failed: games.link
[2025-09-08 16:59:00] [cogs.game] ERROR: Database error (attempt 1): UNIQUE constraint failed: games.link
[2025-09-08 16:59:00] [cogs.game] ERROR: Database error (attempt 2): UNIQUE constraint failed: games.link
[2025-09-08 16:59:01] [cogs.game] ERROR: Database error (attempt 3): UNIQUE constraint failed: games.link
[2025-09-08 16:59:01] [cogs.game] WARNING: Failed to import game 'Booty Calls': Database operation failed after 3 attempts: UNIQUE constraint failed: games.link
[2025-09-08 16:59:01] [cogs.game] ERROR: Database error (attempt 1): UNIQUE constraint failed: games.link
[2025-09-08 16:59:02] [cogs.game] ERROR: Database error (attempt 2): UNIQUE constraint failed: games.link
[2025-09-08 16:59:03] [cogs.game] ERROR: Database error (attempt 3): UNIQUE constraint failed: games.link
[2025-09-08 16:59:03] [cogs.game] WARNING: Failed to import game 'Fap CEO': Database operation failed after 3 attempts: UNIQUE constraint failed: games.link
[2025-09-08 16:59:03] [cogs.game] ERROR: Database error (attempt 1): UNIQUE constraint failed: games.link
[2025-09-08 16:59:03] [cogs.game] ERROR: Database error (attempt 2): UNIQUE constraint failed: games.link
[2025-09-08 16:59:04] [cogs.game] ERROR: Database error (attempt 3): UNIQUE constraint failed: games.link
[2025-09-08 16:59:04] [cogs.game] WARNING: Failed to import game 'Crush Crush': Database operation failed after 3 attempts: UNIQUE constraint failed: games.link
[2025-09-08 16:59:04] [cogs.game] ERROR: Database error (attempt 1): UNIQUE constraint failed: games.link
[2025-09-08 16:59:05] [cogs.game] ERROR: Database error (attempt 2): UNIQUE constraint failed: games.link
[2025-09-08 16:59:06] [cogs.game] ERROR: Database error (attempt 3): UNIQUE constraint failed: games.link
[2025-09-08 16:59:06] [cogs.game] WARNING: Failed to import game 'Harem Heroes': Database operation failed after 3 attempts: UNIQUE constraint failed: games.link
[2025-09-08 16:59:06] [cogs.game] ERROR: Database error (attempt 1): UNIQUE constraint failed: games.link
[2025-09-08 16:59:06] [cogs.game] ERROR: Database error (attempt 2): UNIQUE constraint failed: games.link
[2025-09-08 16:59:07] [cogs.game] ERROR: Database error (attempt 3): UNIQUE constraint failed: games.link
[2025-09-08 16:59:07] [cogs.game] WARNING: Failed to import game 'Panthea: Erotic Visual Novel': Database operation failed after 3 attempts: UNIQUE constraint failed: games.link
[2025-09-08 16:59:07] [cogs.game] ERROR: Database error (attempt 1): UNIQUE constraint failed: games.link
[2025-09-08 16:59:08] [cogs.game] ERROR: Database error (attempt 2): UNIQUE constraint failed: games.link
[2025-09-08 16:59:09] [cogs.game] ERROR: Database error (attempt 3): UNIQUE constraint failed: games.link
[2025-09-08 16:59:09] [cogs.game] WARNING: Failed to import game 'Project QT': Database operation failed after 3 attempts: UNIQUE constraint failed: games.link
[2025-09-08 16:59:09] [cogs.game] ERROR: Database error (attempt 1): UNIQUE constraint failed: games.link
[2025-09-08 16:59:09] [cogs.game] ERROR: Database error (attempt 2): UNIQUE constraint failed: games.link
[2025-09-08 16:59:10] [cogs.game] ERROR: Database error (attempt 3): UNIQUE constraint failed: games.link
[2025-09-08 16:59:10] [cogs.game] WARNING: Failed to import game 'Detective Girl of the Steam City': Database operation failed after 3 attempts: UNIQUE constraint failed: games.link
[2025-09-08 16:59:10] [cogs.game] ERROR: Database error (attempt 1): UNIQUE constraint failed: games.link
[2025-09-08 16:59:11] [cogs.game] ERROR: Database error (attempt 2): UNIQUE constraint failed: games.link
[2025-09-08 16:59:12] [cogs.game] ERROR: Database error (attempt 3): UNIQUE constraint failed: games.link
[2025-09-08 16:59:12] [cogs.game] WARNING: Failed to import game 'Evenicle': Database operation failed after 3 attempts: UNIQUE constraint failed: games.link
[2025-09-08 16:59:12] [cogs.game] ERROR: Database error (attempt 1): UNIQUE constraint failed: games.link
[2025-09-08 16:59:12] [cogs.game] ERROR: Database error (attempt 2): UNIQUE constraint failed: games.link
[2025-09-08 16:59:13] [cogs.game] ERROR: Database error (attempt 3): UNIQUE constraint failed: games.link
[2025-09-08 16:59:13] [cogs.game] WARNING: Failed to import game 'Fap Titans': Database operation failed after 3 attempts: UNIQUE constraint failed: games.link
[2025-09-08 16:59:13] [cogs.game] ERROR: Database error (attempt 1): UNIQUE constraint failed: games.link
[2025-09-08 16:59:14] [cogs.game] ERROR: Database error (attempt 2): UNIQUE constraint failed: games.link
[2025-09-08 16:59:15] [cogs.game] ERROR: Database error (attempt 3): UNIQUE constraint failed: games.link
[2025-09-08 16:59:15] [cogs.game] WARNING: Failed to import game 'Kamihime Project': Database operation failed after 3 attempts: UNIQUE constraint failed: games.link
[2025-09-08 16:59:15] [cogs.game] ERROR: Database error (attempt 1): UNIQUE constraint failed: games.link
[2025-09-08 16:59:15] [cogs.game] ERROR: Database error (attempt 2): UNIQUE constraint failed: games.link
[2025-09-08 16:59:16] [cogs.game] ERROR: Database error (attempt 3): UNIQUE constraint failed: games.link
[2025-09-08 16:59:16] [cogs.game] WARNING: Failed to import game 'Fapland': Database operation failed after 3 attempts: UNIQUE constraint failed: games.link
[2025-09-08 16:59:16] [cogs.game] ERROR: Database error (attempt 1): UNIQUE constraint failed: games.link
[2025-09-08 16:59:17] [cogs.game] ERROR: Database error (attempt 2): UNIQUE constraint failed: games.link
[2025-09-08 16:59:18] [cogs.game] ERROR: Database error (attempt 3): UNIQUE constraint failed: games.link
[2025-09-08 16:59:18] [cogs.game] WARNING: Failed to import game 'Blush Blush': Database operation failed after 3 attempts: UNIQUE constraint failed: games.link
[2025-09-08 16:59:18] [cogs.game] ERROR: Database error (attempt 1): UNIQUE constraint failed: games.link
[2025-09-08 16:59:18] [cogs.game] ERROR: Database error (attempt 2): UNIQUE constraint failed: games.link
[2025-09-08 16:59:19] [cogs.game] ERROR: Database error (attempt 3): UNIQUE constraint failed: games.link
[2025-09-08 16:59:19] [cogs.game] WARNING: Failed to import game 'Fap Queen': Database operation failed after 3 attempts: UNIQUE constraint failed: games.link
[2025-09-08 16:59:19] [cogs.game] ERROR: Database error (attempt 1): UNIQUE constraint failed: games.link
[2025-09-08 16:59:20] [cogs.game] ERROR: Database error (attempt 2): UNIQUE constraint failed: games.link
[2025-09-08 16:59:21] [cogs.game] ERROR: Database error (attempt 3): UNIQUE constraint failed: games.link
[2025-09-08 16:59:21] [cogs.game] WARNING: Failed to import game 'Booty Farm': Database operation failed after 3 attempts: UNIQUE constraint failed: games.link
[2025-09-08 16:59:21] [cogs.game] ERROR: Database error (attempt 1): UNIQUE constraint failed: games.link
[2025-09-08 16:59:21] [cogs.game] ERROR: Database error (attempt 2): UNIQUE constraint failed: games.link
[2025-09-08 16:59:22] [cogs.game] ERROR: Database error (attempt 3): UNIQUE constraint failed: games.link
[2025-09-08 16:59:22] [cogs.game] WARNING: Failed to import game 'Love & Sex: Second Base': Database operation failed after 3 attempts: UNIQUE constraint failed: games.link
[2025-09-08 16:59:22] [cogs.game] ERROR: Database error (attempt 1): UNIQUE constraint failed: games.link
[2025-09-08 16:59:23] [cogs.game] ERROR: Database error (attempt 2): UNIQUE constraint failed: games.link
[2025-09-08 16:59:24] [cogs.game] ERROR: Database error (attempt 3): UNIQUE constraint failed: games.link
[2025-09-08 16:59:24] [cogs.game] WARNING: Failed to import game 'Fap Fantasy': Database operation failed after 3 attempts: UNIQUE constraint failed: games.link
[2025-09-08 16:59:24] [cogs.game] ERROR: Database error (attempt 1): UNIQUE constraint failed: games.link
[2025-09-08 16:59:24] [cogs.game] ERROR: Database error (attempt 2): UNIQUE constraint failed: games.link
[2025-09-08 16:59:25] [cogs.game] ERROR: Database error (attempt 3): UNIQUE constraint failed: games.link
[2025-09-08 16:59:25] [cogs.game] WARNING: Failed to import game 'Girls Connect': Database operation failed after 3 attempts: UNIQUE constraint failed: games.link
[2025-09-08 16:59:25] [cogs.game] ERROR: Database error (attempt 1): UNIQUE constraint failed: games.link
[2025-09-08 16:59:26] [cogs.game] ERROR: Database error (attempt 2): UNIQUE constraint failed: games.link
[2025-09-08 16:59:27] [cogs.game] ERROR: Database error (attempt 3): UNIQUE constraint failed: games.link
[2025-09-08 16:59:27] [cogs.game] WARNING: Failed to import game 'Fap Office': Database operation failed after 3 attempts: UNIQUE constraint failed: games.link
[2025-09-08 16:59:27] [cogs.game] INFO: Imported 0 games, 20 errors
[2025-09-08 16:59:27] [cogs.game] INFO: Imported 0 games from JSON on startup
[2025-09-08 16:59:27] [cogs.game] INFO: GameCog loaded successfully
[2025-09-08 16:59:27] [cogs.game] INFO: GameCog setup completed successfully
[2025-09-08 16:59:27] [discord_bot] [32mINFO[0m: ✅ Loaded: game
[2025-09-08 16:59:27] [Rule34Debug] INFO: 🔧 Rule34 Debug version initialized
[2025-09-08 16:59:27] [Rule34Debug] INFO: 🚀 Rule34 Debug session initialized
[2025-09-08 16:59:27] [discord_bot] [32mINFO[0m: ✅ Loaded: instructor
[2025-09-08 16:59:27] [discord_bot] [32mINFO[0m: ✅ Loaded: nutaku
[2025-09-08 16:59:27] [discord_bot] [32mINFO[0m: ✅ Loaded: r34
[2025-09-08 16:59:27] [cogs.roleplay_cog_sqlite] INFO: Database initialized successfully
[2025-09-08 16:59:27] [cogs.roleplay_cog_sqlite] INFO: Gemini API initialized successfully
[2025-09-08 16:59:27] [cogs.roleplay_cog_sqlite] INFO: RoleplaySQL cog loaded
[2025-09-08 16:59:27] [cogs.roleplay_cog_sqlite] INFO: RoleplaySQL cog loaded successfully!
[2025-09-08 16:59:27] [discord_bot] [32mINFO[0m: ✅ Loaded: roleplay_cog_sqlite
[2025-09-08 16:59:27] [discord_bot] [32mINFO[0m: ✅ Loaded: verification
[2025-09-08 16:59:27] [discord_bot] [32mINFO[0m: Extension loading complete: 7 loaded, 0 failed
[2025-09-08 16:59:27] [discord_bot] [32mINFO[0m: Bot setup completed
[2025-09-08 16:59:27] [discord_bot] DEBUG: Cleanup task executed
[2025-09-08 16:59:27] [discord_bot] [32mINFO[0m: Database backed up to backups/backup_20250908.json
[2025-09-08 16:59:27] [discord.gateway] INFO: Shard ID None has connected to Gateway (Session ID: e2f2025d114aa0a56bb1857028646f9e).
[2025-09-08 16:59:30] [discord_bot] [32mINFO[0m: ✅ Logged in as natsu#8011 (ID: 1309808442751455243)
[2025-09-08 16:59:30] [cogs.game] INFO: Cleanup task completed
[2025-09-08 16:59:30] [discord_bot] [32mINFO[0m: ✅ Synced 13 global commands
[2025-09-08 16:59:30] [discord_bot] DEBUG: Command sync took 504.53ms
[2025-09-08 16:59:30] [discord_bot] [32mINFO[0m: Connected to 4 guilds:
[2025-09-08 16:59:30] [discord_bot] [32mINFO[0m:   • kirigakure: the hidden mist village (1331194168218751100) - 24 members
[2025-09-08 16:59:30] [discord_bot] [32mINFO[0m:   • ⚛  🎀  𝒮𝐸𝒢𝒢𝒴  🎀  ⚛ (1373276652796121210) - 24 members
[2025-09-08 16:59:30] [discord_bot] [32mINFO[0m:   • Raiduuuuwu (1306841087490392145) - 11 members
[2025-09-08 16:59:30] [discord_bot] [32mINFO[0m:   • gamer 1 (1303326543069708329) - 7 members
[2025-09-08 17:04:27] [discord_bot] DEBUG: Cleanup task executed
[2025-09-08 17:09:27] [discord_bot] DEBUG: Cleanup task executed
[2025-09-30 07:21:09] [CFChecker] INFO: 🛡️ Cloudflare Checker initialized
[2025-09-30 07:21:09] [CFChecker] INFO: 🚀 CF Checker session initialized
[2025-09-30 07:21:09] [discord_bot] [32mINFO[0m: ✅ Loaded: Detection_Cog
[2025-09-30 07:21:11] [cogs.game] INFO: Database initialized successfully
[2025-09-30 07:21:11] [cogs.game] ERROR: Database error (attempt 1): UNIQUE constraint failed: games.link
[2025-09-30 07:21:11] [cogs.game] ERROR: Database error (attempt 2): UNIQUE constraint failed: games.link
[2025-09-30 07:21:12] [cogs.game] ERROR: Database error (attempt 3): UNIQUE constraint failed: games.link
[2025-09-30 07:21:12] [cogs.game] WARNING: Failed to import game 'Peerless Lust': Database operation failed after 3 attempts: UNIQUE constraint failed: games.link
[2025-09-30 07:21:12] [cogs.game] ERROR: Database error (attempt 1): UNIQUE constraint failed: games.link
[2025-09-30 07:21:13] [cogs.game] ERROR: Database error (attempt 2): UNIQUE constraint failed: games.link
[2025-09-30 07:21:14] [cogs.game] ERROR: Database error (attempt 3): UNIQUE constraint failed: games.link
[2025-09-30 07:21:14] [cogs.game] WARNING: Failed to import game 'Goddess Whim': Database operation failed after 3 attempts: UNIQUE constraint failed: games.link
[2025-09-30 07:21:14] [cogs.game] ERROR: Database error (attempt 1): UNIQUE constraint failed: games.link
[2025-09-30 07:21:14] [cogs.game] ERROR: Database error (attempt 2): UNIQUE constraint failed: games.link
[2025-09-30 07:21:15] [cogs.game] ERROR: Database error (attempt 3): UNIQUE constraint failed: games.link
[2025-09-30 07:21:15] [cogs.game] WARNING: Failed to import game 'Booty Calls': Database operation failed after 3 attempts: UNIQUE constraint failed: games.link
[2025-09-30 07:21:15] [cogs.game] ERROR: Database error (attempt 1): UNIQUE constraint failed: games.link
[2025-09-30 07:21:16] [cogs.game] ERROR: Database error (attempt 2): UNIQUE constraint failed: games.link
[2025-09-30 07:21:17] [cogs.game] ERROR: Database error (attempt 3): UNIQUE constraint failed: games.link
[2025-09-30 07:21:17] [cogs.game] WARNING: Failed to import game 'Fap CEO': Database operation failed after 3 attempts: UNIQUE constraint failed: games.link
[2025-09-30 07:21:17] [cogs.game] ERROR: Database error (attempt 1): UNIQUE constraint failed: games.link
[2025-09-30 07:21:17] [cogs.game] ERROR: Database error (attempt 2): UNIQUE constraint failed: games.link
[2025-09-30 07:21:18] [cogs.game] ERROR: Database error (attempt 3): UNIQUE constraint failed: games.link
[2025-09-30 07:21:18] [cogs.game] WARNING: Failed to import game 'Crush Crush': Database operation failed after 3 attempts: UNIQUE constraint failed: games.link
[2025-09-30 07:21:18] [cogs.game] ERROR: Database error (attempt 1): UNIQUE constraint failed: games.link
[2025-09-30 07:21:19] [cogs.game] ERROR: Database error (attempt 2): UNIQUE constraint failed: games.link
[2025-09-30 07:21:20] [cogs.game] ERROR: Database error (attempt 3): UNIQUE constraint failed: games.link
[2025-09-30 07:21:20] [cogs.game] WARNING: Failed to import game 'Harem Heroes': Database operation failed after 3 attempts: UNIQUE constraint failed: games.link
[2025-09-30 07:21:20] [cogs.game] ERROR: Database error (attempt 1): UNIQUE constraint failed: games.link
[2025-09-30 07:21:20] [cogs.game] ERROR: Database error (attempt 2): UNIQUE constraint failed: games.link
[2025-09-30 07:21:21] [cogs.game] ERROR: Database error (attempt 3): UNIQUE constraint failed: games.link
[2025-09-30 07:21:21] [cogs.game] WARNING: Failed to import game 'Panthea: Erotic Visual Novel': Database operation failed after 3 attempts: UNIQUE constraint failed: games.link
[2025-09-30 07:21:21] [cogs.game] ERROR: Database error (attempt 1): UNIQUE constraint failed: games.link
[2025-09-30 07:21:22] [cogs.game] ERROR: Database error (attempt 2): UNIQUE constraint failed: games.link
[2025-09-30 07:21:23] [cogs.game] ERROR: Database error (attempt 3): UNIQUE constraint failed: games.link
[2025-09-30 07:21:23] [cogs.game] WARNING: Failed to import game 'Project QT': Database operation failed after 3 attempts: UNIQUE constraint failed: games.link
[2025-09-30 07:21:23] [cogs.game] ERROR: Database error (attempt 1): UNIQUE constraint failed: games.link
[2025-09-30 07:21:23] [cogs.game] ERROR: Database error (attempt 2): UNIQUE constraint failed: games.link
[2025-09-30 07:21:24] [cogs.game] ERROR: Database error (attempt 3): UNIQUE constraint failed: games.link
[2025-09-30 07:21:24] [cogs.game] WARNING: Failed to import game 'Detective Girl of the Steam City': Database operation failed after 3 attempts: UNIQUE constraint failed: games.link
[2025-09-30 07:21:24] [cogs.game] ERROR: Database error (attempt 1): UNIQUE constraint failed: games.link
[2025-09-30 07:21:25] [cogs.game] ERROR: Database error (attempt 2): UNIQUE constraint failed: games.link
[2025-09-30 07:21:26] [cogs.game] ERROR: Database error (attempt 3): UNIQUE constraint failed: games.link
[2025-09-30 07:21:26] [cogs.game] WARNING: Failed to import game 'Evenicle': Database operation failed after 3 attempts: UNIQUE constraint failed: games.link
[2025-09-30 07:21:26] [cogs.game] ERROR: Database error (attempt 1): UNIQUE constraint failed: games.link
[2025-09-30 07:21:26] [cogs.game] ERROR: Database error (attempt 2): UNIQUE constraint failed: games.link
[2025-09-30 07:21:27] [cogs.game] ERROR: Database error (attempt 3): UNIQUE constraint failed: games.link
[2025-09-30 07:21:27] [cogs.game] WARNING: Failed to import game 'Fap Titans': Database operation failed after 3 attempts: UNIQUE constraint failed: games.link
[2025-09-30 07:21:27] [cogs.game] ERROR: Database error (attempt 1): UNIQUE constraint failed: games.link
[2025-09-30 07:21:28] [cogs.game] ERROR: Database error (attempt 2): UNIQUE constraint failed: games.link
[2025-09-30 07:21:29] [cogs.game] ERROR: Database error (attempt 3): UNIQUE constraint failed: games.link
[2025-09-30 07:21:29] [cogs.game] WARNING: Failed to import game 'Kamihime Project': Database operation failed after 3 attempts: UNIQUE constraint failed: games.link
[2025-09-30 07:21:29] [cogs.game] ERROR: Database error (attempt 1): UNIQUE constraint failed: games.link
[2025-09-30 07:21:29] [cogs.game] ERROR: Database error (attempt 2): UNIQUE constraint failed: games.link
[2025-09-30 07:21:30] [cogs.game] ERROR: Database error (attempt 3): UNIQUE constraint failed: games.link
[2025-09-30 07:21:30] [cogs.game] WARNING: Failed to import game 'Fapland': Database operation failed after 3 attempts: UNIQUE constraint failed: games.link
[2025-09-30 07:21:30] [cogs.game] ERROR: Database error (attempt 1): UNIQUE constraint failed: games.link
[2025-09-30 07:21:31] [cogs.game] ERROR: Database error (attempt 2): UNIQUE constraint failed: games.link
[2025-09-30 07:21:32] [cogs.game] ERROR: Database error (attempt 3): UNIQUE constraint failed: games.link
[2025-09-30 07:21:32] [cogs.game] WARNING: Failed to import game 'Blush Blush': Database operation failed after 3 attempts: UNIQUE constraint failed: games.link
[2025-09-30 07:21:32] [cogs.game] ERROR: Database error (attempt 1): UNIQUE constraint failed: games.link
[2025-09-30 07:21:32] [cogs.game] ERROR: Database error (attempt 2): UNIQUE constraint failed: games.link
[2025-09-30 07:21:33] [cogs.game] ERROR: Database error (attempt 3): UNIQUE constraint failed: games.link
[2025-09-30 07:21:33] [cogs.game] WARNING: Failed to import game 'Fap Queen': Database operation failed after 3 attempts: UNIQUE constraint failed: games.link
[2025-09-30 07:21:33] [cogs.game] ERROR: Database error (attempt 1): UNIQUE constraint failed: games.link
[2025-09-30 07:21:34] [cogs.game] ERROR: Database error (attempt 2): UNIQUE constraint failed: games.link
[2025-09-30 07:21:35] [cogs.game] ERROR: Database error (attempt 3): UNIQUE constraint failed: games.link
[2025-09-30 07:21:35] [cogs.game] WARNING: Failed to import game 'Booty Farm': Database operation failed after 3 attempts: UNIQUE constraint failed: games.link
[2025-09-30 07:21:35] [cogs.game] ERROR: Database error (attempt 1): UNIQUE constraint failed: games.link
[2025-09-30 07:21:36] [cogs.game] ERROR: Database error (attempt 2): UNIQUE constraint failed: games.link
[2025-09-30 07:21:37] [cogs.game] ERROR: Database error (attempt 3): UNIQUE constraint failed: games.link
[2025-09-30 07:21:37] [cogs.game] WARNING: Failed to import game 'Love & Sex: Second Base': Database operation failed after 3 attempts: UNIQUE constraint failed: games.link
[2025-09-30 07:21:37] [cogs.game] ERROR: Database error (attempt 1): UNIQUE constraint failed: games.link
[2025-09-30 07:21:37] [cogs.game] ERROR: Database error (attempt 2): UNIQUE constraint failed: games.link
[2025-09-30 07:21:38] [cogs.game] ERROR: Database error (attempt 3): UNIQUE constraint failed: games.link
[2025-09-30 07:21:38] [cogs.game] WARNING: Failed to import game 'Fap Fantasy': Database operation failed after 3 attempts: UNIQUE constraint failed: games.link
[2025-09-30 07:21:38] [cogs.game] ERROR: Database error (attempt 1): UNIQUE constraint failed: games.link
[2025-09-30 07:21:39] [cogs.game] ERROR: Database error (attempt 2): UNIQUE constraint failed: games.link
[2025-09-30 07:21:40] [cogs.game] ERROR: Database error (attempt 3): UNIQUE constraint failed: games.link
[2025-09-30 07:21:40] [cogs.game] WARNING: Failed to import game 'Girls Connect': Database operation failed after 3 attempts: UNIQUE constraint failed: games.link
[2025-09-30 07:21:40] [cogs.game] ERROR: Database error (attempt 1): UNIQUE constraint failed: games.link
[2025-09-30 07:21:40] [cogs.game] ERROR: Database error (attempt 2): UNIQUE constraint failed: games.link
[2025-09-30 07:21:41] [cogs.game] ERROR: Database error (attempt 3): UNIQUE constraint failed: games.link
[2025-09-30 07:21:41] [cogs.game] WARNING: Failed to import game 'Fap Office': Database operation failed after 3 attempts: UNIQUE constraint failed: games.link
[2025-09-30 07:21:41] [cogs.game] INFO: Imported 0 games, 20 errors
[2025-09-30 07:21:41] [cogs.game] INFO: Imported 0 games from JSON on startup
[2025-09-30 07:21:41] [cogs.game] INFO: GameCog loaded successfully
[2025-09-30 07:21:41] [cogs.game] INFO: GameCog setup completed successfully
[2025-09-30 07:21:41] [discord_bot] [32mINFO[0m: ✅ Loaded: game
[2025-09-30 07:21:41] [Rule34Debug] INFO: 🔧 Rule34 Debug version initialized
[2025-09-30 07:21:41] [Rule34Debug] INFO: 🚀 Rule34 Debug session initialized
[2025-09-30 07:21:41] [discord_bot] [32mINFO[0m: ✅ Loaded: instructor
[2025-09-30 07:21:41] [discord_bot] [32mINFO[0m: ✅ Loaded: nutaku
[2025-09-30 07:21:41] [discord_bot] [32mINFO[0m: ✅ Loaded: r34
[2025-09-30 07:21:41] [cogs.roleplay_cog_sqlite] INFO: Database initialized successfully
[2025-09-30 07:21:41] [cogs.roleplay_cog_sqlite] INFO: Gemini API initialized successfully
[2025-09-30 07:21:41] [cogs.roleplay_cog_sqlite] INFO: RoleplaySQL cog loaded
[2025-09-30 07:21:41] [cogs.roleplay_cog_sqlite] INFO: RoleplaySQL cog loaded successfully!
[2025-09-30 07:21:41] [discord_bot] [32mINFO[0m: ✅ Loaded: roleplay_cog_sqlite
[2025-09-30 07:21:41] [discord_bot] [32mINFO[0m: ✅ Loaded: verification
[2025-09-30 07:21:41] [discord_bot] [32mINFO[0m: Extension loading complete: 7 loaded, 0 failed
[2025-09-30 07:21:41] [discord_bot] [32mINFO[0m: Bot setup completed
[2025-09-30 07:21:41] [discord_bot] DEBUG: Cleanup task executed
[2025-09-30 07:21:41] [discord_bot] [32mINFO[0m: Database backed up to backups/backup_20250930.json
[2025-09-30 07:21:42] [discord.gateway] INFO: Shard ID None has connected to Gateway (Session ID: a49d3a484f8181f294b225fbc774652c).
[2025-09-30 07:21:44] [discord_bot] [32mINFO[0m: ✅ Logged in as natsu#8011 (ID: 1309808442751455243)
[2025-09-30 07:21:44] [cogs.game] INFO: Cleanup task completed
[2025-09-30 07:21:45] [discord_bot] [32mINFO[0m: ✅ Synced 13 global commands
[2025-09-30 07:21:45] [discord_bot] DEBUG: Command sync took 513.92ms
[2025-09-30 07:21:45] [discord_bot] [32mINFO[0m: Connected to 5 guilds:
[2025-09-30 07:21:45] [discord_bot] [32mINFO[0m:   • kirigakure: the hidden mist village (1331194168218751100) - 24 members
[2025-09-30 07:21:45] [discord_bot] [32mINFO[0m:   • ⚛  🎀  𝒮𝐸𝒢𝒢𝒴  🎀  ⚛ (1373276652796121210) - 24 members
[2025-09-30 07:21:45] [discord_bot] [32mINFO[0m:   • Raiduuuuwu (1306841087490392145) - 11 members
[2025-09-30 07:21:45] [discord_bot] [32mINFO[0m:   • gamer 1 (1303326543069708329) - 7 members
[2025-09-30 07:21:45] [discord_bot] [32mINFO[0m:   • 𝒮𝒾𝓂🏵𝓃's server (1421913573919166527) - 3 members
[2025-09-30 07:25:35] [CFChecker] INFO: 🛡️ Cloudflare Checker initialized
[2025-09-30 07:25:35] [CFChecker] INFO: 🚀 CF Checker session initialized
[2025-09-30 07:25:35] [discord_bot] [32mINFO[0m: ✅ Loaded: Detection_Cog
[2025-09-30 07:25:36] [cogs.game] INFO: Database initialized successfully
[2025-09-30 07:25:36] [cogs.game] ERROR: Database error (attempt 1): UNIQUE constraint failed: games.link
[2025-09-30 07:25:36] [cogs.game] ERROR: Database error (attempt 2): UNIQUE constraint failed: games.link
[2025-09-30 07:25:37] [cogs.game] ERROR: Database error (attempt 3): UNIQUE constraint failed: games.link
[2025-09-30 07:25:37] [cogs.game] WARNING: Failed to import game 'Peerless Lust': Database operation failed after 3 attempts: UNIQUE constraint failed: games.link
[2025-09-30 07:25:37] [cogs.game] ERROR: Database error (attempt 1): UNIQUE constraint failed: games.link
[2025-09-30 07:25:38] [cogs.game] ERROR: Database error (attempt 2): UNIQUE constraint failed: games.link
[2025-09-30 07:25:39] [cogs.game] ERROR: Database error (attempt 3): UNIQUE constraint failed: games.link
[2025-09-30 07:25:39] [cogs.game] WARNING: Failed to import game 'Goddess Whim': Database operation failed after 3 attempts: UNIQUE constraint failed: games.link
[2025-09-30 07:25:39] [cogs.game] ERROR: Database error (attempt 1): UNIQUE constraint failed: games.link
[2025-09-30 07:25:39] [cogs.game] ERROR: Database error (attempt 2): UNIQUE constraint failed: games.link
[2025-09-30 07:25:40] [cogs.game] ERROR: Database error (attempt 3): UNIQUE constraint failed: games.link
[2025-09-30 07:25:40] [cogs.game] WARNING: Failed to import game 'Booty Calls': Database operation failed after 3 attempts: UNIQUE constraint failed: games.link
[2025-09-30 07:25:40] [cogs.game] ERROR: Database error (attempt 1): UNIQUE constraint failed: games.link
[2025-09-30 07:25:41] [cogs.game] ERROR: Database error (attempt 2): UNIQUE constraint failed: games.link
[2025-09-30 07:25:42] [cogs.game] ERROR: Database error (attempt 3): UNIQUE constraint failed: games.link
[2025-09-30 07:25:42] [cogs.game] WARNING: Failed to import game 'Fap CEO': Database operation failed after 3 attempts: UNIQUE constraint failed: games.link
[2025-09-30 07:25:42] [cogs.game] ERROR: Database error (attempt 1): UNIQUE constraint failed: games.link
[2025-09-30 07:25:42] [cogs.game] ERROR: Database error (attempt 2): UNIQUE constraint failed: games.link
[2025-09-30 07:25:43] [cogs.game] ERROR: Database error (attempt 3): UNIQUE constraint failed: games.link
[2025-09-30 07:25:43] [cogs.game] WARNING: Failed to import game 'Crush Crush': Database operation failed after 3 attempts: UNIQUE constraint failed: games.link
[2025-09-30 07:25:43] [cogs.game] ERROR: Database error (attempt 1): UNIQUE constraint failed: games.link
[2025-09-30 07:25:44] [cogs.game] ERROR: Database error (attempt 2): UNIQUE constraint failed: games.link
[2025-09-30 07:25:45] [cogs.game] ERROR: Database error (attempt 3): UNIQUE constraint failed: games.link
[2025-09-30 07:25:45] [cogs.game] WARNING: Failed to import game 'Harem Heroes': Database operation failed after 3 attempts: UNIQUE constraint failed: games.link
[2025-09-30 07:25:45] [cogs.game] ERROR: Database error (attempt 1): UNIQUE constraint failed: games.link
[2025-09-30 07:25:45] [cogs.game] ERROR: Database error (attempt 2): UNIQUE constraint failed: games.link
[2025-09-30 07:25:46] [cogs.game] ERROR: Database error (attempt 3): UNIQUE constraint failed: games.link
[2025-09-30 07:25:46] [cogs.game] WARNING: Failed to import game 'Panthea: Erotic Visual Novel': Database operation failed after 3 attempts: UNIQUE constraint failed: games.link
[2025-09-30 07:25:46] [cogs.game] ERROR: Database error (attempt 1): UNIQUE constraint failed: games.link
[2025-09-30 07:25:47] [cogs.game] ERROR: Database error (attempt 2): UNIQUE constraint failed: games.link
[2025-09-30 07:25:48] [cogs.game] ERROR: Database error (attempt 3): UNIQUE constraint failed: games.link
[2025-09-30 07:25:48] [cogs.game] WARNING: Failed to import game 'Project QT': Database operation failed after 3 attempts: UNIQUE constraint failed: games.link
[2025-09-30 07:25:48] [cogs.game] ERROR: Database error (attempt 1): UNIQUE constraint failed: games.link
[2025-09-30 07:25:48] [cogs.game] ERROR: Database error (attempt 2): UNIQUE constraint failed: games.link
[2025-09-30 07:25:49] [cogs.game] ERROR: Database error (attempt 3): UNIQUE constraint failed: games.link
[2025-09-30 07:25:49] [cogs.game] WARNING: Failed to import game 'Detective Girl of the Steam City': Database operation failed after 3 attempts: UNIQUE constraint failed: games.link
[2025-09-30 07:25:49] [cogs.game] ERROR: Database error (attempt 1): UNIQUE constraint failed: games.link
[2025-09-30 07:25:50] [cogs.game] ERROR: Database error (attempt 2): UNIQUE constraint failed: games.link
[2025-09-30 07:25:51] [cogs.game] ERROR: Database error (attempt 3): UNIQUE constraint failed: games.link
[2025-09-30 07:25:51] [cogs.game] WARNING: Failed to import game 'Evenicle': Database operation failed after 3 attempts: UNIQUE constraint failed: games.link
[2025-09-30 07:25:51] [cogs.game] ERROR: Database error (attempt 1): UNIQUE constraint failed: games.link
[2025-09-30 07:25:51] [cogs.game] ERROR: Database error (attempt 2): UNIQUE constraint failed: games.link
[2025-09-30 07:25:52] [cogs.game] ERROR: Database error (attempt 3): UNIQUE constraint failed: games.link
[2025-09-30 07:25:52] [cogs.game] WARNING: Failed to import game 'Fap Titans': Database operation failed after 3 attempts: UNIQUE constraint failed: games.link
[2025-09-30 07:25:52] [cogs.game] ERROR: Database error (attempt 1): UNIQUE constraint failed: games.link
[2025-09-30 07:25:53] [cogs.game] ERROR: Database error (attempt 2): UNIQUE constraint failed: games.link
[2025-09-30 07:25:54] [cogs.game] ERROR: Database error (attempt 3): UNIQUE constraint failed: games.link
[2025-09-30 07:25:54] [cogs.game] WARNING: Failed to import game 'Kamihime Project': Database operation failed after 3 attempts: UNIQUE constraint failed: games.link
[2025-09-30 07:25:54] [cogs.game] ERROR: Database error (attempt 1): UNIQUE constraint failed: games.link
[2025-09-30 07:25:54] [cogs.game] ERROR: Database error (attempt 2): UNIQUE constraint failed: games.link
[2025-09-30 07:25:55] [cogs.game] ERROR: Database error (attempt 3): UNIQUE constraint failed: games.link
[2025-09-30 07:25:55] [cogs.game] WARNING: Failed to import game 'Fapland': Database operation failed after 3 attempts: UNIQUE constraint failed: games.link
[2025-09-30 07:25:55] [cogs.game] ERROR: Database error (attempt 1): UNIQUE constraint failed: games.link
[2025-09-30 07:25:56] [cogs.game] ERROR: Database error (attempt 2): UNIQUE constraint failed: games.link
[2025-09-30 07:25:57] [cogs.game] ERROR: Database error (attempt 3): UNIQUE constraint failed: games.link
[2025-09-30 07:25:57] [cogs.game] WARNING: Failed to import game 'Blush Blush': Database operation failed after 3 attempts: UNIQUE constraint failed: games.link
[2025-09-30 07:25:57] [cogs.game] ERROR: Database error (attempt 1): UNIQUE constraint failed: games.link
[2025-09-30 07:25:57] [cogs.game] ERROR: Database error (attempt 2): UNIQUE constraint failed: games.link
[2025-09-30 07:25:58] [cogs.game] ERROR: Database error (attempt 3): UNIQUE constraint failed: games.link
[2025-09-30 07:25:58] [cogs.game] WARNING: Failed to import game 'Fap Queen': Database operation failed after 3 attempts: UNIQUE constraint failed: games.link
[2025-09-30 07:25:58] [cogs.game] ERROR: Database error (attempt 1): UNIQUE constraint failed: games.link
[2025-09-30 07:25:59] [cogs.game] ERROR: Database error (attempt 2): UNIQUE constraint failed: games.link
[2025-09-30 07:26:00] [cogs.game] ERROR: Database error (attempt 3): UNIQUE constraint failed: games.link
[2025-09-30 07:26:00] [cogs.game] WARNING: Failed to import game 'Booty Farm': Database operation failed after 3 attempts: UNIQUE constraint failed: games.link
[2025-09-30 07:26:00] [cogs.game] ERROR: Database error (attempt 1): UNIQUE constraint failed: games.link
[2025-09-30 07:26:00] [cogs.game] ERROR: Database error (attempt 2): UNIQUE constraint failed: games.link
[2025-09-30 07:26:01] [cogs.game] ERROR: Database error (attempt 3): UNIQUE constraint failed: games.link
[2025-09-30 07:26:01] [cogs.game] WARNING: Failed to import game 'Love & Sex: Second Base': Database operation failed after 3 attempts: UNIQUE constraint failed: games.link
[2025-09-30 07:26:01] [cogs.game] ERROR: Database error (attempt 1): UNIQUE constraint failed: games.link
[2025-09-30 07:26:02] [cogs.game] ERROR: Database error (attempt 2): UNIQUE constraint failed: games.link
[2025-09-30 07:26:03] [cogs.game] ERROR: Database error (attempt 3): UNIQUE constraint failed: games.link
[2025-09-30 07:26:03] [cogs.game] WARNING: Failed to import game 'Fap Fantasy': Database operation failed after 3 attempts: UNIQUE constraint failed: games.link
[2025-09-30 07:26:03] [cogs.game] ERROR: Database error (attempt 1): UNIQUE constraint failed: games.link
[2025-09-30 07:26:03] [cogs.game] ERROR: Database error (attempt 2): UNIQUE constraint failed: games.link
[2025-09-30 07:26:04] [cogs.game] ERROR: Database error (attempt 3): UNIQUE constraint failed: games.link
[2025-09-30 07:26:04] [cogs.game] WARNING: Failed to import game 'Girls Connect': Database operation failed after 3 attempts: UNIQUE constraint failed: games.link
[2025-09-30 07:26:04] [cogs.game] ERROR: Database error (attempt 1): UNIQUE constraint failed: games.link
[2025-09-30 07:26:05] [cogs.game] ERROR: Database error (attempt 2): UNIQUE constraint failed: games.link
[2025-09-30 07:26:06] [cogs.game] ERROR: Database error (attempt 3): UNIQUE constraint failed: games.link
[2025-09-30 07:26:06] [cogs.game] WARNING: Failed to import game 'Fap Office': Database operation failed after 3 attempts: UNIQUE constraint failed: games.link
[2025-09-30 07:26:06] [cogs.game] INFO: Imported 0 games, 20 errors
[2025-09-30 07:26:06] [cogs.game] INFO: Imported 0 games from JSON on startup
[2025-09-30 07:26:06] [cogs.game] INFO: GameCog loaded successfully
[2025-09-30 07:26:06] [cogs.game] INFO: GameCog setup completed successfully
[2025-09-30 07:26:06] [discord_bot] [32mINFO[0m: ✅ Loaded: game
[2025-09-30 07:26:06] [Rule34Debug] INFO: 🔧 Rule34 Debug version initialized
[2025-09-30 07:26:06] [Rule34Debug] INFO: 🚀 Rule34 Debug session initialized
[2025-09-30 07:26:06] [discord_bot] [32mINFO[0m: ✅ Loaded: instructor
[2025-09-30 07:26:06] [discord_bot] [32mINFO[0m: ✅ Loaded: nutaku
[2025-09-30 07:26:06] [discord_bot] [32mINFO[0m: ✅ Loaded: r34
[2025-09-30 07:26:06] [cogs.roleplay_cog_sqlite] INFO: Database initialized successfully
[2025-09-30 07:26:06] [cogs.roleplay_cog_sqlite] INFO: Gemini API initialized successfully
[2025-09-30 07:26:06] [cogs.roleplay_cog_sqlite] INFO: RoleplaySQL cog loaded
[2025-09-30 07:26:06] [cogs.roleplay_cog_sqlite] INFO: RoleplaySQL cog loaded successfully!
[2025-09-30 07:26:06] [discord_bot] [32mINFO[0m: ✅ Loaded: roleplay_cog_sqlite
[2025-09-30 07:26:06] [discord_bot] [32mINFO[0m: ✅ Loaded: verification
[2025-09-30 07:26:06] [discord_bot] [32mINFO[0m: Extension loading complete: 7 loaded, 0 failed
[2025-09-30 07:26:06] [discord_bot] [32mINFO[0m: Bot setup completed
[2025-09-30 07:26:06] [discord_bot] DEBUG: Cleanup task executed
[2025-09-30 07:26:06] [discord_bot] [32mINFO[0m: Database backed up to backups/backup_20250930.json
[2025-09-30 07:26:07] [discord.gateway] INFO: Shard ID None has connected to Gateway (Session ID: bbf5d4a1d152b3a71a4b7d6ecb0bcd29).
[2025-09-30 07:26:09] [discord_bot] [32mINFO[0m: ✅ Logged in as natsu#8011 (ID: 1309808442751455243)
[2025-09-30 07:26:09] [cogs.game] INFO: Cleanup task completed
[2025-09-30 07:26:09] [discord_bot] [32mINFO[0m: ✅ Synced 13 global commands
[2025-09-30 07:26:09] [discord_bot] DEBUG: Command sync took 530.28ms
[2025-09-30 07:26:09] [discord_bot] [32mINFO[0m: Connected to 5 guilds:
[2025-09-30 07:26:09] [discord_bot] [32mINFO[0m:   • kirigakure: the hidden mist village (1331194168218751100) - 24 members
[2025-09-30 07:26:09] [discord_bot] [32mINFO[0m:   • ⚛  🎀  𝒮𝐸𝒢𝒢𝒴  🎀  ⚛ (1373276652796121210) - 24 members
[2025-09-30 07:26:09] [discord_bot] [32mINFO[0m:   • Raiduuuuwu (1306841087490392145) - 11 members
[2025-09-30 07:26:09] [discord_bot] [32mINFO[0m:   • gamer 1 (1303326543069708329) - 7 members
[2025-09-30 07:26:09] [discord_bot] [32mINFO[0m:   • 𝒮𝒾𝓂🏵𝓃's server (1421913573919166527) - 3 members
[2025-09-30 07:31:01] [CFChecker] INFO: 🛡️ Cloudflare Checker initialized
[2025-09-30 07:31:01] [CFChecker] INFO: 🚀 CF Checker session initialized
[2025-09-30 07:31:01] [discord_bot] [32mINFO[0m: ✅ Loaded: Detection_Cog
[2025-09-30 07:31:01] [cogs.game] INFO: Database initialized successfully
[2025-09-30 07:31:01] [cogs.game] ERROR: Database error (attempt 1): UNIQUE constraint failed: games.link
[2025-09-30 07:31:02] [cogs.game] ERROR: Database error (attempt 2): UNIQUE constraint failed: games.link
[2025-09-30 07:31:03] [cogs.game] ERROR: Database error (attempt 3): UNIQUE constraint failed: games.link
[2025-09-30 07:31:03] [cogs.game] WARNING: Failed to import game 'Peerless Lust': Database operation failed after 3 attempts: UNIQUE constraint failed: games.link
[2025-09-30 07:31:03] [cogs.game] ERROR: Database error (attempt 1): UNIQUE constraint failed: games.link
[2025-09-30 07:31:03] [cogs.game] ERROR: Database error (attempt 2): UNIQUE constraint failed: games.link
[2025-09-30 07:31:04] [cogs.game] ERROR: Database error (attempt 3): UNIQUE constraint failed: games.link
[2025-09-30 07:31:04] [cogs.game] WARNING: Failed to import game 'Goddess Whim': Database operation failed after 3 attempts: UNIQUE constraint failed: games.link
[2025-09-30 07:31:04] [cogs.game] ERROR: Database error (attempt 1): UNIQUE constraint failed: games.link
[2025-09-30 07:31:05] [cogs.game] ERROR: Database error (attempt 2): UNIQUE constraint failed: games.link
[2025-09-30 07:31:06] [cogs.game] ERROR: Database error (attempt 3): UNIQUE constraint failed: games.link
[2025-09-30 07:31:06] [cogs.game] WARNING: Failed to import game 'Booty Calls': Database operation failed after 3 attempts: UNIQUE constraint failed: games.link
[2025-09-30 07:31:06] [cogs.game] ERROR: Database error (attempt 1): UNIQUE constraint failed: games.link
[2025-09-30 07:31:06] [cogs.game] ERROR: Database error (attempt 2): UNIQUE constraint failed: games.link
[2025-09-30 07:31:07] [cogs.game] ERROR: Database error (attempt 3): UNIQUE constraint failed: games.link
[2025-09-30 07:31:07] [cogs.game] WARNING: Failed to import game 'Fap CEO': Database operation failed after 3 attempts: UNIQUE constraint failed: games.link
[2025-09-30 07:31:07] [cogs.game] ERROR: Database error (attempt 1): UNIQUE constraint failed: games.link
[2025-09-30 07:31:08] [cogs.game] ERROR: Database error (attempt 2): UNIQUE constraint failed: games.link
[2025-09-30 07:31:09] [cogs.game] ERROR: Database error (attempt 3): UNIQUE constraint failed: games.link
[2025-09-30 07:31:09] [cogs.game] WARNING: Failed to import game 'Crush Crush': Database operation failed after 3 attempts: UNIQUE constraint failed: games.link
[2025-09-30 07:31:09] [cogs.game] ERROR: Database error (attempt 1): UNIQUE constraint failed: games.link
[2025-09-30 07:31:09] [cogs.game] ERROR: Database error (attempt 2): UNIQUE constraint failed: games.link
[2025-09-30 07:31:10] [cogs.game] ERROR: Database error (attempt 3): UNIQUE constraint failed: games.link
[2025-09-30 07:31:10] [cogs.game] WARNING: Failed to import game 'Harem Heroes': Database operation failed after 3 attempts: UNIQUE constraint failed: games.link
[2025-09-30 07:31:10] [cogs.game] ERROR: Database error (attempt 1): UNIQUE constraint failed: games.link
[2025-09-30 07:31:11] [cogs.game] ERROR: Database error (attempt 2): UNIQUE constraint failed: games.link
[2025-09-30 07:31:12] [cogs.game] ERROR: Database error (attempt 3): UNIQUE constraint failed: games.link
[2025-09-30 07:31:12] [cogs.game] WARNING: Failed to import game 'Panthea: Erotic Visual Novel': Database operation failed after 3 attempts: UNIQUE constraint failed: games.link
[2025-09-30 07:31:12] [cogs.game] ERROR: Database error (attempt 1): UNIQUE constraint failed: games.link
[2025-09-30 07:31:12] [cogs.game] ERROR: Database error (attempt 2): UNIQUE constraint failed: games.link
[2025-09-30 07:31:13] [cogs.game] ERROR: Database error (attempt 3): UNIQUE constraint failed: games.link
[2025-09-30 07:31:13] [cogs.game] WARNING: Failed to import game 'Project QT': Database operation failed after 3 attempts: UNIQUE constraint failed: games.link
[2025-09-30 07:31:13] [cogs.game] ERROR: Database error (attempt 1): UNIQUE constraint failed: games.link
[2025-09-30 07:31:14] [cogs.game] ERROR: Database error (attempt 2): UNIQUE constraint failed: games.link
[2025-09-30 07:31:15] [cogs.game] ERROR: Database error (attempt 3): UNIQUE constraint failed: games.link
[2025-09-30 07:31:15] [cogs.game] WARNING: Failed to import game 'Detective Girl of the Steam City': Database operation failed after 3 attempts: UNIQUE constraint failed: games.link
[2025-09-30 07:31:15] [cogs.game] ERROR: Database error (attempt 1): UNIQUE constraint failed: games.link
[2025-09-30 07:31:15] [cogs.game] ERROR: Database error (attempt 2): UNIQUE constraint failed: games.link
[2025-09-30 07:31:16] [cogs.game] ERROR: Database error (attempt 3): UNIQUE constraint failed: games.link
[2025-09-30 07:31:16] [cogs.game] WARNING: Failed to import game 'Evenicle': Database operation failed after 3 attempts: UNIQUE constraint failed: games.link
[2025-09-30 07:31:16] [cogs.game] ERROR: Database error (attempt 1): UNIQUE constraint failed: games.link
[2025-09-30 07:31:17] [cogs.game] ERROR: Database error (attempt 2): UNIQUE constraint failed: games.link
[2025-09-30 07:31:18] [cogs.game] ERROR: Database error (attempt 3): UNIQUE constraint failed: games.link
[2025-09-30 07:31:18] [cogs.game] WARNING: Failed to import game 'Fap Titans': Database operation failed after 3 attempts: UNIQUE constraint failed: games.link
[2025-09-30 07:31:18] [cogs.game] ERROR: Database error (attempt 1): UNIQUE constraint failed: games.link
[2025-09-30 07:31:18] [cogs.game] ERROR: Database error (attempt 2): UNIQUE constraint failed: games.link
[2025-09-30 07:31:19] [cogs.game] ERROR: Database error (attempt 3): UNIQUE constraint failed: games.link
[2025-09-30 07:31:19] [cogs.game] WARNING: Failed to import game 'Kamihime Project': Database operation failed after 3 attempts: UNIQUE constraint failed: games.link
[2025-09-30 07:31:19] [cogs.game] ERROR: Database error (attempt 1): UNIQUE constraint failed: games.link
[2025-09-30 07:31:20] [cogs.game] ERROR: Database error (attempt 2): UNIQUE constraint failed: games.link
[2025-09-30 07:31:21] [cogs.game] ERROR: Database error (attempt 3): UNIQUE constraint failed: games.link
[2025-09-30 07:31:21] [cogs.game] WARNING: Failed to import game 'Fapland': Database operation failed after 3 attempts: UNIQUE constraint failed: games.link
[2025-09-30 07:31:21] [cogs.game] ERROR: Database error (attempt 1): UNIQUE constraint failed: games.link
[2025-09-30 07:31:22] [cogs.game] ERROR: Database error (attempt 2): UNIQUE constraint failed: games.link
[2025-09-30 07:31:23] [cogs.game] ERROR: Database error (attempt 3): UNIQUE constraint failed: games.link
[2025-09-30 07:31:23] [cogs.game] WARNING: Failed to import game 'Blush Blush': Database operation failed after 3 attempts: UNIQUE constraint failed: games.link
[2025-09-30 07:31:23] [cogs.game] ERROR: Database error (attempt 1): UNIQUE constraint failed: games.link
[2025-09-30 07:31:23] [cogs.game] ERROR: Database error (attempt 2): UNIQUE constraint failed: games.link
[2025-09-30 07:31:24] [cogs.game] ERROR: Database error (attempt 3): UNIQUE constraint failed: games.link
[2025-09-30 07:31:24] [cogs.game] WARNING: Failed to import game 'Fap Queen': Database operation failed after 3 attempts: UNIQUE constraint failed: games.link
[2025-09-30 07:31:24] [cogs.game] ERROR: Database error (attempt 1): UNIQUE constraint failed: games.link
[2025-09-30 07:31:25] [cogs.game] ERROR: Database error (attempt 2): UNIQUE constraint failed: games.link
[2025-09-30 07:31:26] [cogs.game] ERROR: Database error (attempt 3): UNIQUE constraint failed: games.link
[2025-09-30 07:31:26] [cogs.game] WARNING: Failed to import game 'Booty Farm': Database operation failed after 3 attempts: UNIQUE constraint failed: games.link
[2025-09-30 07:31:26] [cogs.game] ERROR: Database error (attempt 1): UNIQUE constraint failed: games.link
[2025-09-30 07:31:26] [cogs.game] ERROR: Database error (attempt 2): UNIQUE constraint failed: games.link
[2025-09-30 07:31:27] [cogs.game] ERROR: Database error (attempt 3): UNIQUE constraint failed: games.link
[2025-09-30 07:31:27] [cogs.game] WARNING: Failed to import game 'Love & Sex: Second Base': Database operation failed after 3 attempts: UNIQUE constraint failed: games.link
[2025-09-30 07:31:27] [cogs.game] ERROR: Database error (attempt 1): UNIQUE constraint failed: games.link
[2025-09-30 07:31:28] [cogs.game] ERROR: Database error (attempt 2): UNIQUE constraint failed: games.link
[2025-09-30 07:31:29] [cogs.game] ERROR: Database error (attempt 3): UNIQUE constraint failed: games.link
[2025-09-30 07:31:29] [cogs.game] WARNING: Failed to import game 'Fap Fantasy': Database operation failed after 3 attempts: UNIQUE constraint failed: games.link
[2025-09-30 07:31:29] [cogs.game] ERROR: Database error (attempt 1): UNIQUE constraint failed: games.link
[2025-09-30 07:31:29] [cogs.game] ERROR: Database error (attempt 2): UNIQUE constraint failed: games.link
[2025-09-30 07:31:30] [cogs.game] ERROR: Database error (attempt 3): UNIQUE constraint failed: games.link
[2025-09-30 07:31:30] [cogs.game] WARNING: Failed to import game 'Girls Connect': Database operation failed after 3 attempts: UNIQUE constraint failed: games.link
[2025-09-30 07:31:30] [cogs.game] ERROR: Database error (attempt 1): UNIQUE constraint failed: games.link
[2025-09-30 07:31:31] [cogs.game] ERROR: Database error (attempt 2): UNIQUE constraint failed: games.link
[2025-09-30 07:31:32] [cogs.game] ERROR: Database error (attempt 3): UNIQUE constraint failed: games.link
[2025-09-30 07:31:32] [cogs.game] WARNING: Failed to import game 'Fap Office': Database operation failed after 3 attempts: UNIQUE constraint failed: games.link
[2025-09-30 07:31:32] [cogs.game] INFO: Imported 0 games, 20 errors
[2025-09-30 07:31:32] [cogs.game] INFO: Imported 0 games from JSON on startup
[2025-09-30 07:31:32] [cogs.game] INFO: GameCog loaded successfully
[2025-09-30 07:31:32] [cogs.game] INFO: GameCog setup completed successfully
[2025-09-30 07:31:32] [discord_bot] [32mINFO[0m: ✅ Loaded: game
[2025-09-30 07:31:32] [Rule34Debug] INFO: 🔧 Rule34 Debug version initialized
[2025-09-30 07:31:32] [Rule34Debug] INFO: 🚀 Rule34 Debug session initialized
[2025-09-30 07:31:32] [discord_bot] [32mINFO[0m: ✅ Loaded: instructor
[2025-09-30 07:31:32] [discord_bot] [32mINFO[0m: ✅ Loaded: nutaku
[2025-09-30 07:31:32] [discord_bot] [32mINFO[0m: ✅ Loaded: r34
[2025-09-30 07:31:32] [cogs.roleplay_cog_sqlite] INFO: Database initialized successfully
[2025-09-30 07:31:32] [cogs.roleplay_cog_sqlite] INFO: Gemini API initialized successfully
[2025-09-30 07:31:32] [cogs.roleplay_cog_sqlite] INFO: RoleplaySQL cog loaded
[2025-09-30 07:31:32] [cogs.roleplay_cog_sqlite] INFO: RoleplaySQL cog loaded successfully!
[2025-09-30 07:31:32] [discord_bot] [32mINFO[0m: ✅ Loaded: roleplay_cog_sqlite
[2025-09-30 07:31:32] [discord_bot] [32mINFO[0m: ✅ Loaded: verification
[2025-09-30 07:31:32] [discord_bot] [32mINFO[0m: Extension loading complete: 7 loaded, 0 failed
[2025-09-30 07:31:32] [discord_bot] [32mINFO[0m: Bot setup completed
[2025-09-30 07:31:32] [discord_bot] DEBUG: Cleanup task executed
[2025-09-30 07:31:32] [discord_bot] [32mINFO[0m: Database backed up to backups/backup_20250930.json
[2025-09-30 07:31:32] [discord.gateway] INFO: Shard ID None has connected to Gateway (Session ID: d3190c969b8737c5997b6b5436c0cf2e).
[2025-09-30 07:31:35] [discord_bot] [32mINFO[0m: ✅ Logged in as natsu#8011 (ID: 1309808442751455243)
[2025-09-30 07:31:35] [cogs.game] INFO: Cleanup task completed
[2025-09-30 07:31:35] [discord_bot] [32mINFO[0m: ✅ Synced 13 global commands
[2025-09-30 07:31:35] [discord_bot] DEBUG: Command sync took 464.47ms
[2025-09-30 07:31:35] [discord_bot] [32mINFO[0m: Connected to 5 guilds:
[2025-09-30 07:31:35] [discord_bot] [32mINFO[0m:   • kirigakure: the hidden mist village (1331194168218751100) - 24 members
[2025-09-30 07:31:35] [discord_bot] [32mINFO[0m:   • ⚛  🎀  𝒮𝐸𝒢𝒢𝒴  🎀  ⚛ (1373276652796121210) - 24 members
[2025-09-30 07:31:35] [discord_bot] [32mINFO[0m:   • Raiduuuuwu (1306841087490392145) - 11 members
[2025-09-30 07:31:35] [discord_bot] [32mINFO[0m:   • gamer 1 (1303326543069708329) - 7 members
[2025-09-30 07:31:35] [discord_bot] [32mINFO[0m:   • 𝒮𝒾𝓂🏵𝓃's server (1421913573919166527) - 3 members
[2025-09-30 07:36:32] [discord_bot] DEBUG: Cleanup task executed
[2025-09-30 07:41:32] [discord_bot] DEBUG: Cleanup task executed
[2025-09-30 07:46:32] [discord_bot] DEBUG: Cleanup task executed
[2025-09-30 07:51:32] [discord_bot] DEBUG: Cleanup task executed
[2025-09-30 07:56:32] [discord_bot] DEBUG: Cleanup task executed
[2025-09-30 08:01:32] [discord_bot] DEBUG: Cleanup task executed
[2025-09-30 08:06:32] [discord_bot] DEBUG: Cleanup task executed
[2025-09-30 08:11:32] [discord_bot] DEBUG: Cleanup task executed
[2025-09-30 08:16:32] [discord_bot] DEBUG: Cleanup task executed
[2025-09-30 08:21:32] [discord_bot] DEBUG: Cleanup task executed
[2025-09-30 08:26:32] [discord_bot] DEBUG: Cleanup task executed
[2025-09-30 08:31:32] [discord_bot] DEBUG: Cleanup task executed
[2025-09-30 08:34:17] [discord.gateway] INFO: Shard ID None has successfully RESUMED session d3190c969b8737c5997b6b5436c0cf2e.
[2025-09-30 08:36:32] [discord_bot] DEBUG: Cleanup task executed
[2025-09-30 08:41:32] [discord_bot] DEBUG: Cleanup task executed
[2025-09-30 08:46:32] [discord_bot] DEBUG: Cleanup task executed
[2025-09-30 08:51:32] [discord_bot] DEBUG: Cleanup task executed
[2025-09-30 08:56:32] [discord_bot] DEBUG: Cleanup task executed
[2025-09-30 09:01:32] [discord_bot] DEBUG: Cleanup task executed
[2025-09-30 09:06:32] [discord_bot] DEBUG: Cleanup task executed
[2025-09-30 09:11:32] [discord_bot] DEBUG: Cleanup task executed
[2025-09-30 09:16:32] [discord_bot] DEBUG: Cleanup task executed
[2025-09-30 09:21:32] [discord_bot] DEBUG: Cleanup task executed
[2025-09-30 09:26:32] [discord_bot] DEBUG: Cleanup task executed
[2025-09-30 09:31:32] [discord_bot] DEBUG: Cleanup task executed
[2025-09-30 09:36:32] [discord_bot] DEBUG: Cleanup task executed
[2025-09-30 09:41:32] [discord_bot] DEBUG: Cleanup task executed
[2025-09-30 09:46:32] [discord_bot] DEBUG: Cleanup task executed
[2025-09-30 09:48:23] [discord.gateway] INFO: Shard ID None has successfully RESUMED session d3190c969b8737c5997b6b5436c0cf2e.
[2025-09-30 09:51:32] [discord_bot] DEBUG: Cleanup task executed
[2025-09-30 09:56:32] [discord_bot] DEBUG: Cleanup task executed
[2025-09-30 10:01:32] [discord_bot] DEBUG: Cleanup task executed
[2025-09-30 10:06:32] [discord_bot] DEBUG: Cleanup task executed
[2025-09-30 10:11:32] [discord_bot] DEBUG: Cleanup task executed
[2025-09-30 10:16:32] [discord_bot] DEBUG: Cleanup task executed
[2025-09-30 10:21:32] [discord_bot] DEBUG: Cleanup task executed
[2025-09-30 10:26:32] [discord_bot] DEBUG: Cleanup task executed
[2025-09-30 10:31:32] [discord_bot] DEBUG: Cleanup task executed
[2025-09-30 10:36:32] [discord_bot] DEBUG: Cleanup task executed
[2025-09-30 10:41:32] [discord_bot] DEBUG: Cleanup task executed
[2025-09-30 10:46:32] [discord_bot] DEBUG: Cleanup task executed
[2025-09-30 10:51:32] [discord_bot] DEBUG: Cleanup task executed
[2025-09-30 10:56:32] [discord_bot] DEBUG: Cleanup task executed
[2025-09-30 11:01:32] [discord_bot] DEBUG: Cleanup task executed
[2025-09-30 11:06:32] [discord_bot] DEBUG: Cleanup task executed
[2025-09-30 11:11:32] [discord_bot] DEBUG: Cleanup task executed
[2025-09-30 11:16:32] [discord_bot] DEBUG: Cleanup task executed
[2025-09-30 11:21:32] [discord_bot] DEBUG: Cleanup task executed
[2025-09-30 11:26:32] [discord_bot] DEBUG: Cleanup task executed
[2025-09-30 11:31:32] [discord_bot] DEBUG: Cleanup task executed
[2025-09-30 11:36:32] [discord_bot] DEBUG: Cleanup task executed
[2025-09-30 11:41:32] [discord_bot] DEBUG: Cleanup task executed
[2025-09-30 11:46:32] [discord_bot] DEBUG: Cleanup task executed
[2025-09-30 11:51:32] [discord_bot] DEBUG: Cleanup task executed
[2025-09-30 11:56:32] [discord_bot] DEBUG: Cleanup task executed
[2025-09-30 12:01:32] [discord_bot] DEBUG: Cleanup task executed
[2025-09-30 12:06:32] [discord_bot] DEBUG: Cleanup task executed
[2025-09-30 12:11:32] [discord_bot] DEBUG: Cleanup task executed
[2025-09-30 12:16:32] [discord_bot] DEBUG: Cleanup task executed
[2025-09-30 12:21:32] [discord_bot] DEBUG: Cleanup task executed
[2025-09-30 12:26:32] [discord_bot] DEBUG: Cleanup task executed
[2025-09-30 12:31:32] [discord_bot] DEBUG: Cleanup task executed
[2025-09-30 12:36:32] [discord_bot] DEBUG: Cleanup task executed
[2025-09-30 12:41:32] [discord_bot] DEBUG: Cleanup task executed
[2025-09-30 12:46:32] [discord_bot] DEBUG: Cleanup task executed
[2025-09-30 12:51:32] [discord_bot] DEBUG: Cleanup task executed
[2025-09-30 12:56:32] [discord_bot] DEBUG: Cleanup task executed
[2025-09-30 13:01:22] [discord.gateway] INFO: Shard ID None has successfully RESUMED session d3190c969b8737c5997b6b5436c0cf2e.
[2025-09-30 13:01:32] [discord_bot] DEBUG: Cleanup task executed
[2025-09-30 13:06:32] [discord_bot] DEBUG: Cleanup task executed
[2025-09-30 13:11:32] [discord_bot] DEBUG: Cleanup task executed
[2025-09-30 13:16:32] [discord_bot] DEBUG: Cleanup task executed
[2025-09-30 13:21:32] [discord_bot] DEBUG: Cleanup task executed
[2025-09-30 13:26:32] [discord_bot] DEBUG: Cleanup task executed
[2025-09-30 13:31:32] [discord_bot] DEBUG: Cleanup task executed
[2025-09-30 13:31:35] [cogs.game] INFO: Cleanup task completed
[2025-09-30 13:36:32] [discord_bot] DEBUG: Cleanup task executed
[2025-09-30 13:41:32] [discord_bot] DEBUG: Cleanup task executed
[2025-09-30 13:46:32] [discord_bot] DEBUG: Cleanup task executed
[2025-09-30 13:51:32] [discord_bot] DEBUG: Cleanup task executed
[2025-09-30 13:56:32] [discord_bot] DEBUG: Cleanup task executed
[2025-09-30 14:01:32] [discord_bot] DEBUG: Cleanup task executed
[2025-09-30 14:06:32] [discord_bot] DEBUG: Cleanup task executed
[2025-09-30 14:11:32] [discord_bot] DEBUG: Cleanup task executed
[2025-09-30 14:16:32] [discord_bot] DEBUG: Cleanup task executed
[2025-09-30 14:21:32] [discord_bot] DEBUG: Cleanup task executed
[2025-09-30 14:26:32] [discord_bot] DEBUG: Cleanup task executed
[2025-09-30 14:31:32] [discord_bot] DEBUG: Cleanup task executed
[2025-09-30 14:36:32] [discord_bot] DEBUG: Cleanup task executed
[2025-09-30 14:40:47] [discord.gateway] INFO: Shard ID None has successfully RESUMED session d3190c969b8737c5997b6b5436c0cf2e.
[2025-09-30 14:41:32] [discord_bot] DEBUG: Cleanup task executed
[2025-09-30 14:46:32] [discord_bot] DEBUG: Cleanup task executed
[2025-09-30 14:51:32] [discord_bot] DEBUG: Cleanup task executed
[2025-09-30 14:56:32] [discord_bot] DEBUG: Cleanup task executed
[2025-09-30 15:01:32] [discord_bot] DEBUG: Cleanup task executed
[2025-09-30 15:06:32] [discord_bot] DEBUG: Cleanup task executed
[2025-09-30 15:11:32] [discord_bot] DEBUG: Cleanup task executed
[2025-09-30 15:16:32] [discord_bot] DEBUG: Cleanup task executed
[2025-09-30 15:21:32] [discord_bot] DEBUG: Cleanup task executed
[2025-09-30 15:26:32] [discord_bot] DEBUG: Cleanup task executed
[2025-09-30 15:31:32] [discord_bot] DEBUG: Cleanup task executed
[2025-09-30 15:36:32] [discord_bot] DEBUG: Cleanup task executed
[2025-09-30 15:41:32] [discord_bot] DEBUG: Cleanup task executed
[2025-09-30 15:46:32] [discord_bot] DEBUG: Cleanup task executed
[2025-09-30 15:51:32] [discord_bot] DEBUG: Cleanup task executed
[2025-09-30 15:56:32] [discord_bot] DEBUG: Cleanup task executed
[2025-09-30 16:01:32] [discord_bot] DEBUG: Cleanup task executed
[2025-09-30 16:06:32] [discord_bot] DEBUG: Cleanup task executed
[2025-09-30 16:11:32] [discord_bot] DEBUG: Cleanup task executed
[2025-09-30 16:16:32] [discord_bot] DEBUG: Cleanup task executed
[2025-09-30 16:21:32] [discord_bot] DEBUG: Cleanup task executed
[2025-09-30 16:26:32] [discord_bot] DEBUG: Cleanup task executed
[2025-09-30 16:31:32] [discord_bot] DEBUG: Cleanup task executed
[2025-09-30 16:36:32] [discord_bot] DEBUG: Cleanup task executed
[2025-09-30 16:41:32] [discord_bot] DEBUG: Cleanup task executed
[2025-09-30 16:46:32] [discord_bot] DEBUG: Cleanup task executed
[2025-09-30 16:51:32] [discord_bot] DEBUG: Cleanup task executed
[2026-02-21 19:12:35] [CFChecker] INFO: 🛡️ Cloudflare Checker initialized
[2026-02-21 19:12:35] [CFChecker] INFO: 🚀 CF Checker session initialized
[2026-02-21 19:12:35] [discord_bot] [32mINFO[0m: ✅ Loaded: Detection_Cog
[2026-02-21 19:12:35] [discord_bot] [31mERROR[0m: ❌ Failed to load game: Extension 'cogs.game' raised an error: ModuleNotFoundError: No module named 'aiosqlite'
[2026-02-21 19:12:35] [Rule34Debug] INFO: 🔧 Rule34 Debug version initialized
[2026-02-21 19:12:35] [Rule34Debug] INFO: 🚀 Rule34 Debug session initialized
[2026-02-21 19:12:35] [discord_bot] [32mINFO[0m: ✅ Loaded: instructor
[2026-02-21 19:12:35] [discord_bot] [31mERROR[0m: ❌ Failed to load nutaku: Extension 'cogs.nutaku' raised an error: ModuleNotFoundError: No module named 'aiosqlite'
[2026-02-21 19:12:35] [discord_bot] [32mINFO[0m: ✅ Loaded: r34
[2026-02-21 19:12:35] [discord_bot] [31mERROR[0m: ❌ Failed to load roleplay_cog_sqlite: Extension 'cogs.roleplay_cog_sqlite' raised an error: ModuleNotFoundError: No module named 'google'
[2026-02-21 19:12:35] [discord_bot] [32mINFO[0m: ✅ Loaded: verification
[2026-02-21 19:12:35] [discord_bot] [32mINFO[0m: Extension loading complete: 4 loaded, 3 failed
[2026-02-21 19:12:35] [discord_bot] [33mWARNING[0m: Failed cogs: game, nutaku, roleplay_cog_sqlite
[2026-02-21 19:12:35] [discord_bot] [32mINFO[0m: Bot setup completed
[2026-02-21 19:12:35] [discord_bot] DEBUG: Cleanup task executed
[2026-02-21 19:12:35] [discord_bot] [32mINFO[0m: Database backed up to backups/backup_20260221.json
[2026-02-21 19:12:36] [discord.gateway] INFO: Shard ID None has connected to Gateway (Session ID: 41f520cf7071c78467c0662372541447).
[2026-02-21 19:12:38] [discord_bot] [32mINFO[0m: ✅ Logged in as natsu#8011 (ID: 1309808442751455243)
[2026-02-21 19:12:39] [discord_bot] [32mINFO[0m: ✅ Synced 5 global commands
[2026-02-21 19:12:39] [discord_bot] DEBUG: Command sync took 736.36ms
[2026-02-21 19:12:39] [discord_bot] [32mINFO[0m: Connected to 4 guilds:
[2026-02-21 19:12:39] [discord_bot] [32mINFO[0m:   • ⚛  🎀  𝒮𝐸𝒢𝒢𝒴  🎀  ⚛ (1373276652796121210) - 27 members
[2026-02-21 19:12:39] [discord_bot] [32mINFO[0m:   • kirigakure: the hidden mist village (1331194168218751100) - 25 members
[2026-02-21 19:12:39] [discord_bot] [32mINFO[0m:   • Raiduuuuwu (1306841087490392145) - 11 members
[2026-02-21 19:12:39] [discord_bot] [32mINFO[0m:   • gamer 1 (1303326543069708329) - 8 members
[2026-02-21 19:15:27] [CFChecker] INFO: 🛡️ Cloudflare Checker initialized
[2026-02-21 19:15:27] [CFChecker] INFO: 🚀 CF Checker session initialized
[2026-02-21 19:15:27] [discord_bot] [32mINFO[0m: ✅ Loaded: Detection_Cog
[2026-02-21 19:15:29] [cogs.game] INFO: Database initialized successfully
[2026-02-21 19:15:29] [cogs.game] ERROR: Database error (attempt 1): UNIQUE constraint failed: games.link
[2026-02-21 19:15:30] [cogs.game] ERROR: Database error (attempt 2): UNIQUE constraint failed: games.link
[2026-02-21 19:15:31] [cogs.game] ERROR: Database error (attempt 3): UNIQUE constraint failed: games.link
[2026-02-21 19:15:31] [cogs.game] WARNING: Failed to import game 'Peerless Lust': Database operation failed after 3 attempts: UNIQUE constraint failed: games.link
[2026-02-21 19:15:31] [cogs.game] ERROR: Database error (attempt 1): UNIQUE constraint failed: games.link
[2026-02-21 19:15:31] [cogs.game] ERROR: Database error (attempt 2): UNIQUE constraint failed: games.link
[2026-02-21 19:15:32] [cogs.game] ERROR: Database error (attempt 3): UNIQUE constraint failed: games.link
[2026-02-21 19:15:32] [cogs.game] WARNING: Failed to import game 'Goddess Whim': Database operation failed after 3 attempts: UNIQUE constraint failed: games.link
[2026-02-21 19:15:32] [cogs.game] ERROR: Database error (attempt 1): UNIQUE constraint failed: games.link
[2026-02-21 19:15:33] [cogs.game] ERROR: Database error (attempt 2): UNIQUE constraint failed: games.link
[2026-02-21 19:15:34] [cogs.game] ERROR: Database error (attempt 3): UNIQUE constraint failed: games.link
[2026-02-21 19:15:34] [cogs.game] WARNING: Failed to import game 'Booty Calls': Database operation failed after 3 attempts: UNIQUE constraint failed: games.link
[2026-02-21 19:15:34] [cogs.game] ERROR: Database error (attempt 1): UNIQUE constraint failed: games.link
[2026-02-21 19:15:34] [cogs.game] ERROR: Database error (attempt 2): UNIQUE constraint failed: games.link
[2026-02-21 19:15:35] [cogs.game] ERROR: Database error (attempt 3): UNIQUE constraint failed: games.link
[2026-02-21 19:15:35] [cogs.game] WARNING: Failed to import game 'Fap CEO': Database operation failed after 3 attempts: UNIQUE constraint failed: games.link
[2026-02-21 19:15:35] [cogs.game] ERROR: Database error (attempt 1): UNIQUE constraint failed: games.link
[2026-02-21 19:15:36] [cogs.game] ERROR: Database error (attempt 2): UNIQUE constraint failed: games.link
[2026-02-21 19:15:37] [cogs.game] ERROR: Database error (attempt 3): UNIQUE constraint failed: games.link
[2026-02-21 19:15:37] [cogs.game] WARNING: Failed to import game 'Crush Crush': Database operation failed after 3 attempts: UNIQUE constraint failed: games.link
[2026-02-21 19:15:37] [cogs.game] ERROR: Database error (attempt 1): UNIQUE constraint failed: games.link
[2026-02-21 19:15:38] [cogs.game] ERROR: Database error (attempt 2): UNIQUE constraint failed: games.link
[2026-02-21 19:15:39] [cogs.game] ERROR: Database error (attempt 3): UNIQUE constraint failed: games.link
[2026-02-21 19:15:39] [cogs.game] WARNING: Failed to import game 'Harem Heroes': Database operation failed after 3 attempts: UNIQUE constraint failed: games.link
[2026-02-21 19:15:39] [cogs.game] ERROR: Database error (attempt 1): UNIQUE constraint failed: games.link
[2026-02-21 19:15:39] [cogs.game] ERROR: Database error (attempt 2): UNIQUE constraint failed: games.link
[2026-02-21 19:15:40] [cogs.game] ERROR: Database error (attempt 3): UNIQUE constraint failed: games.link
[2026-02-21 19:15:40] [cogs.game] WARNING: Failed to import game 'Panthea: Erotic Visual Novel': Database operation failed after 3 attempts: UNIQUE constraint failed: games.link
[2026-02-21 19:15:40] [cogs.game] ERROR: Database error (attempt 1): UNIQUE constraint failed: games.link
[2026-02-21 19:15:41] [cogs.game] ERROR: Database error (attempt 2): UNIQUE constraint failed: games.link
[2026-02-21 19:15:42] [cogs.game] ERROR: Database error (attempt 3): UNIQUE constraint failed: games.link
[2026-02-21 19:15:42] [cogs.game] WARNING: Failed to import game 'Project QT': Database operation failed after 3 attempts: UNIQUE constraint failed: games.link
[2026-02-21 19:15:42] [cogs.game] ERROR: Database error (attempt 1): UNIQUE constraint failed: games.link
[2026-02-21 19:15:42] [cogs.game] ERROR: Database error (attempt 2): UNIQUE constraint failed: games.link
[2026-02-21 19:15:43] [cogs.game] ERROR: Database error (attempt 3): UNIQUE constraint failed: games.link
[2026-02-21 19:15:43] [cogs.game] WARNING: Failed to import game 'Detective Girl of the Steam City': Database operation failed after 3 attempts: UNIQUE constraint failed: games.link
[2026-02-21 19:15:43] [cogs.game] ERROR: Database error (attempt 1): UNIQUE constraint failed: games.link
[2026-02-21 19:15:44] [cogs.game] ERROR: Database error (attempt 2): UNIQUE constraint failed: games.link
[2026-02-21 19:15:45] [cogs.game] ERROR: Database error (attempt 3): UNIQUE constraint failed: games.link
[2026-02-21 19:15:45] [cogs.game] WARNING: Failed to import game 'Evenicle': Database operation failed after 3 attempts: UNIQUE constraint failed: games.link
[2026-02-21 19:15:45] [cogs.game] ERROR: Database error (attempt 1): UNIQUE constraint failed: games.link
[2026-02-21 19:15:45] [cogs.game] ERROR: Database error (attempt 2): UNIQUE constraint failed: games.link
[2026-02-21 19:15:46] [cogs.game] ERROR: Database error (attempt 3): UNIQUE constraint failed: games.link
[2026-02-21 19:15:46] [cogs.game] WARNING: Failed to import game 'Fap Titans': Database operation failed after 3 attempts: UNIQUE constraint failed: games.link
[2026-02-21 19:15:47] [cogs.game] ERROR: Database error (attempt 1): UNIQUE constraint failed: games.link
[2026-02-21 19:15:47] [cogs.game] ERROR: Database error (attempt 2): UNIQUE constraint failed: games.link
[2026-02-21 19:15:48] [cogs.game] ERROR: Database error (attempt 3): UNIQUE constraint failed: games.link
[2026-02-21 19:15:48] [cogs.game] WARNING: Failed to import game 'Kamihime Project': Database operation failed after 3 attempts: UNIQUE constraint failed: games.link
[2026-02-21 19:15:48] [cogs.game] ERROR: Database error (attempt 1): UNIQUE constraint failed: games.link
[2026-02-21 19:15:49] [cogs.game] ERROR: Database error (attempt 2): UNIQUE constraint failed: games.link
[2026-02-21 19:15:50] [cogs.game] ERROR: Database error (attempt 3): UNIQUE constraint failed: games.link
[2026-02-21 19:15:50] [cogs.game] WARNING: Failed to import game 'Fapland': Database operation failed after 3 attempts: UNIQUE constraint failed: games.link
[2026-02-21 19:15:50] [cogs.game] ERROR: Database error (attempt 1): UNIQUE constraint failed: games.link
[2026-02-21 19:15:50] [cogs.game] ERROR: Database error (attempt 2): UNIQUE constraint failed: games.link
[2026-02-21 19:15:51] [cogs.game] ERROR: Database error (attempt 3): UNIQUE constraint failed: games.link
[2026-02-21 19:15:51] [cogs.game] WARNING: Failed to import game 'Blush Blush': Database operation failed after 3 attempts: UNIQUE constraint failed: games.link
[2026-02-21 19:15:51] [cogs.game] ERROR: Database error (attempt 1): UNIQUE constraint failed: games.link
[2026-02-21 19:15:52] [cogs.game] ERROR: Database error (attempt 2): UNIQUE constraint failed: games.link
[2026-02-21 19:15:53] [cogs.game] ERROR: Database error (attempt 3): UNIQUE constraint failed: games.link
[2026-02-21 19:15:53] [cogs.game] WARNING: Failed to import game 'Fap Queen': Database operation failed after 3 attempts: UNIQUE constraint failed: games.link
[2026-02-21 19:15:53] [cogs.game] ERROR: Database error (attempt 1): UNIQUE constraint failed: games.link
[2026-02-21 19:15:53] [cogs.game] ERROR: Database error (attempt 2): UNIQUE constraint failed: games.link
[2026-02-21 19:15:54] [cogs.game] ERROR: Database error (attempt 3): UNIQUE constraint failed: games.link
[2026-02-21 19:15:54] [cogs.game] WARNING: Failed to import game 'Booty Farm': Database operation failed after 3 attempts: UNIQUE constraint failed: games.link
[2026-02-21 19:15:54] [cogs.game] ERROR: Database error (attempt 1): UNIQUE constraint failed: games.link
[2026-02-21 19:15:55] [cogs.game] ERROR: Database error (attempt 2): UNIQUE constraint failed: games.link
[2026-02-21 19:15:56] [cogs.game] ERROR: Database error (attempt 3): UNIQUE constraint failed: games.link
[2026-02-21 19:15:56] [cogs.game] WARNING: Failed to import game 'Love & Sex: Second Base': Database operation failed after 3 attempts: UNIQUE constraint failed: games.link
[2026-02-21 19:15:56] [cogs.game] ERROR: Database error (attempt 1): UNIQUE constraint failed: games.link
[2026-02-21 19:15:56] [cogs.game] ERROR: Database error (attempt 2): UNIQUE constraint failed: games.link
[2026-02-21 19:15:57] [cogs.game] ERROR: Database error (attempt 3): UNIQUE constraint failed: games.link
[2026-02-21 19:15:57] [cogs.game] WARNING: Failed to import game 'Fap Fantasy': Database operation failed after 3 attempts: UNIQUE constraint failed: games.link
[2026-02-21 19:15:57] [cogs.game] ERROR: Database error (attempt 1): UNIQUE constraint failed: games.link
[2026-02-21 19:15:58] [cogs.game] ERROR: Database error (attempt 2): UNIQUE constraint failed: games.link
[2026-02-21 19:15:59] [cogs.game] ERROR: Database error (attempt 3): UNIQUE constraint failed: games.link
[2026-02-21 19:15:59] [cogs.game] WARNING: Failed to import game 'Girls Connect': Database operation failed after 3 attempts: UNIQUE constraint failed: games.link
[2026-02-21 19:15:59] [cogs.game] ERROR: Database error (attempt 1): UNIQUE constraint failed: games.link
[2026-02-21 19:15:59] [cogs.game] ERROR: Database error (attempt 2): UNIQUE constraint failed: games.link
[2026-02-21 19:16:01] [cogs.game] ERROR: Database error (attempt 3): UNIQUE constraint failed: games.link
[2026-02-21 19:16:01] [cogs.game] WARNING: Failed to import game 'Fap Office': Database operation failed after 3 attempts: UNIQUE constraint failed: games.link
[2026-02-21 19:16:01] [cogs.game] INFO: Imported 0 games, 20 errors
[2026-02-21 19:16:01] [cogs.game] INFO: Imported 0 games from JSON on startup
[2026-02-21 19:16:01] [cogs.game] INFO: GameCog loaded successfully
[2026-02-21 19:16:01] [cogs.game] INFO: GameCog setup completed successfully
[2026-02-21 19:16:01] [discord_bot] [32mINFO[0m: ✅ Loaded: game
[2026-02-21 19:16:01] [Rule34Debug] INFO: 🔧 Rule34 Debug version initialized
[2026-02-21 19:16:01] [Rule34Debug] INFO: 🚀 Rule34 Debug session initialized
[2026-02-21 19:16:01] [discord_bot] [32mINFO[0m: ✅ Loaded: instructor
[2026-02-21 19:16:01] [discord_bot] [32mINFO[0m: ✅ Loaded: nutaku
[2026-02-21 19:16:01] [discord_bot] [32mINFO[0m: ✅ Loaded: r34
[2026-02-21 19:16:01] [cogs.roleplay_cog_sqlite] INFO: Database initialized successfully
[2026-02-21 19:16:01] [cogs.roleplay_cog_sqlite] WARNING: GEMINI_API_KEY not found in environment variables
[2026-02-21 19:16:01] [cogs.roleplay_cog_sqlite] INFO: RoleplaySQL cog loaded
[2026-02-21 19:16:01] [cogs.roleplay_cog_sqlite] INFO: RoleplaySQL cog loaded successfully!
[2026-02-21 19:16:01] [discord_bot] [32mINFO[0m: ✅ Loaded: roleplay_cog_sqlite
[2026-02-21 19:16:01] [discord_bot] [32mINFO[0m: ✅ Loaded: verification
[2026-02-21 19:16:01] [discord_bot] [32mINFO[0m: Extension loading complete: 7 loaded, 0 failed
[2026-02-21 19:16:01] [discord_bot] [32mINFO[0m: Bot setup completed
[2026-02-21 19:16:01] [discord_bot] DEBUG: Cleanup task executed
[2026-02-21 19:16:01] [discord_bot] [32mINFO[0m: Database backed up to backups/backup_20260221.json
[2026-02-21 19:16:02] [discord.gateway] INFO: Shard ID None has connected to Gateway (Session ID: 83cc0058f1620685cf3b28427d4aa974).
[2026-02-21 19:16:04] [discord_bot] [32mINFO[0m: ✅ Logged in as natsu#8011 (ID: 1309808442751455243)
[2026-02-21 19:16:04] [cogs.game] INFO: Cleanup task completed
[2026-02-21 19:16:05] [discord_bot] [32mINFO[0m: ✅ Synced 13 global commands
[2026-02-21 19:16:05] [discord_bot] DEBUG: Command sync took 670.12ms
[2026-02-21 19:16:05] [discord_bot] [32mINFO[0m: Connected to 4 guilds:
[2026-02-21 19:16:05] [discord_bot] [32mINFO[0m:   • ⚛  🎀  𝒮𝐸𝒢𝒢𝒴  🎀  ⚛ (1373276652796121210) - 27 members
[2026-02-21 19:16:05] [discord_bot] [32mINFO[0m:   • kirigakure: the hidden mist village (1331194168218751100) - 25 members
[2026-02-21 19:16:05] [discord_bot] [32mINFO[0m:   • Raiduuuuwu (1306841087490392145) - 11 members
[2026-02-21 19:16:05] [discord_bot] [32mINFO[0m:   • gamer 1 (1303326543069708329) - 8 members
[2026-02-21 19:21:01] [discord_bot] DEBUG: Cleanup task executed
[2026-02-21 19:26:01] [discord_bot] DEBUG: Cleanup task executed
[2026-02-21 19:29:42] [CFChecker] INFO: 🛡️ Cloudflare Checker initialized
[2026-02-21 19:29:42] [CFChecker] INFO: 🚀 CF Checker session initialized
[2026-02-21 19:29:42] [discord_bot] [32mINFO[0m: ✅ Loaded: Detection_Cog
[2026-02-21 19:29:44] [cogs.game] INFO: Database initialized successfully
[2026-02-21 19:29:44] [cogs.game] ERROR: Database error (attempt 1): UNIQUE constraint failed: games.link
[2026-02-21 19:29:44] [cogs.game] ERROR: Database error (attempt 2): UNIQUE constraint failed: games.link
[2026-02-21 19:29:45] [cogs.game] ERROR: Database error (attempt 3): UNIQUE constraint failed: games.link
[2026-02-21 19:29:45] [cogs.game] WARNING: Failed to import game 'Peerless Lust': Database operation failed after 3 attempts: UNIQUE constraint failed: games.link
[2026-02-21 19:29:45] [cogs.game] ERROR: Database error (attempt 1): UNIQUE constraint failed: games.link
[2026-02-21 19:29:46] [cogs.game] ERROR: Database error (attempt 2): UNIQUE constraint failed: games.link
[2026-02-21 19:29:47] [cogs.game] ERROR: Database error (attempt 3): UNIQUE constraint failed: games.link
[2026-02-21 19:29:47] [cogs.game] WARNING: Failed to import game 'Goddess Whim': Database operation failed after 3 attempts: UNIQUE constraint failed: games.link
[2026-02-21 19:29:47] [cogs.game] ERROR: Database error (attempt 1): UNIQUE constraint failed: games.link
[2026-02-21 19:29:47] [cogs.game] ERROR: Database error (attempt 2): UNIQUE constraint failed: games.link
[2026-02-21 19:29:48] [cogs.game] ERROR: Database error (attempt 3): UNIQUE constraint failed: games.link
[2026-02-21 19:29:48] [cogs.game] WARNING: Failed to import game 'Booty Calls': Database operation failed after 3 attempts: UNIQUE constraint failed: games.link
[2026-02-21 19:29:48] [cogs.game] ERROR: Database error (attempt 1): UNIQUE constraint failed: games.link
[2026-02-21 19:29:49] [cogs.game] ERROR: Database error (attempt 2): UNIQUE constraint failed: games.link
[2026-02-21 19:29:50] [cogs.game] ERROR: Database error (attempt 3): UNIQUE constraint failed: games.link
[2026-02-21 19:29:50] [cogs.game] WARNING: Failed to import game 'Fap CEO': Database operation failed after 3 attempts: UNIQUE constraint failed: games.link
[2026-02-21 19:29:50] [cogs.game] ERROR: Database error (attempt 1): UNIQUE constraint failed: games.link
[2026-02-21 19:29:50] [cogs.game] ERROR: Database error (attempt 2): UNIQUE constraint failed: games.link
[2026-02-21 19:29:51] [cogs.game] ERROR: Database error (attempt 3): UNIQUE constraint failed: games.link
[2026-02-21 19:29:51] [cogs.game] WARNING: Failed to import game 'Crush Crush': Database operation failed after 3 attempts: UNIQUE constraint failed: games.link
[2026-02-21 19:29:51] [cogs.game] ERROR: Database error (attempt 1): UNIQUE constraint failed: games.link
[2026-02-21 19:29:52] [cogs.game] ERROR: Database error (attempt 2): UNIQUE constraint failed: games.link
[2026-02-21 19:29:53] [cogs.game] ERROR: Database error (attempt 3): UNIQUE constraint failed: games.link
[2026-02-21 19:29:53] [cogs.game] WARNING: Failed to import game 'Harem Heroes': Database operation failed after 3 attempts: UNIQUE constraint failed: games.link
[2026-02-21 19:29:53] [cogs.game] ERROR: Database error (attempt 1): UNIQUE constraint failed: games.link
[2026-02-21 19:29:53] [cogs.game] ERROR: Database error (attempt 2): UNIQUE constraint failed: games.link
[2026-02-21 19:29:54] [cogs.game] ERROR: Database error (attempt 3): UNIQUE constraint failed: games.link
[2026-02-21 19:29:54] [cogs.game] WARNING: Failed to import game 'Panthea: Erotic Visual Novel': Database operation failed after 3 attempts: UNIQUE constraint failed: games.link
[2026-02-21 19:29:54] [cogs.game] ERROR: Database error (attempt 1): UNIQUE constraint failed: games.link
[2026-02-21 19:29:55] [cogs.game] ERROR: Database error (attempt 2): UNIQUE constraint failed: games.link
[2026-02-21 19:29:56] [cogs.game] ERROR: Database error (attempt 3): UNIQUE constraint failed: games.link
[2026-02-21 19:29:56] [cogs.game] WARNING: Failed to import game 'Project QT': Database operation failed after 3 attempts: UNIQUE constraint failed: games.link
[2026-02-21 19:29:56] [cogs.game] ERROR: Database error (attempt 1): UNIQUE constraint failed: games.link
[2026-02-21 19:29:56] [cogs.game] ERROR: Database error (attempt 2): UNIQUE constraint failed: games.link
[2026-02-21 19:29:57] [cogs.game] ERROR: Database error (attempt 3): UNIQUE constraint failed: games.link
[2026-02-21 19:29:57] [cogs.game] WARNING: Failed to import game 'Detective Girl of the Steam City': Database operation failed after 3 attempts: UNIQUE constraint failed: games.link
[2026-02-21 19:29:57] [cogs.game] ERROR: Database error (attempt 1): UNIQUE constraint failed: games.link
[2026-02-21 19:29:58] [cogs.game] ERROR: Database error (attempt 2): UNIQUE constraint failed: games.link
[2026-02-21 19:29:59] [cogs.game] ERROR: Database error (attempt 3): UNIQUE constraint failed: games.link
[2026-02-21 19:29:59] [cogs.game] WARNING: Failed to import game 'Evenicle': Database operation failed after 3 attempts: UNIQUE constraint failed: games.link
[2026-02-21 19:29:59] [cogs.game] ERROR: Database error (attempt 1): UNIQUE constraint failed: games.link
[2026-02-21 19:29:59] [cogs.game] ERROR: Database error (attempt 2): UNIQUE constraint failed: games.link
[2026-02-21 19:30:01] [cogs.game] ERROR: Database error (attempt 3): UNIQUE constraint failed: games.link
[2026-02-21 19:30:01] [cogs.game] WARNING: Failed to import game 'Fap Titans': Database operation failed after 3 attempts: UNIQUE constraint failed: games.link
[2026-02-21 19:30:01] [cogs.game] ERROR: Database error (attempt 1): UNIQUE constraint failed: games.link
[2026-02-21 19:30:01] [cogs.game] ERROR: Database error (attempt 2): UNIQUE constraint failed: games.link
[2026-02-21 19:30:02] [cogs.game] ERROR: Database error (attempt 3): UNIQUE constraint failed: games.link
[2026-02-21 19:30:02] [cogs.game] WARNING: Failed to import game 'Kamihime Project': Database operation failed after 3 attempts: UNIQUE constraint failed: games.link
[2026-02-21 19:30:02] [cogs.game] ERROR: Database error (attempt 1): UNIQUE constraint failed: games.link
[2026-02-21 19:30:03] [cogs.game] ERROR: Database error (attempt 2): UNIQUE constraint failed: games.link
[2026-02-21 19:30:04] [cogs.game] ERROR: Database error (attempt 3): UNIQUE constraint failed: games.link
[2026-02-21 19:30:04] [cogs.game] WARNING: Failed to import game 'Fapland': Database operation failed after 3 attempts: UNIQUE constraint failed: games.link
[2026-02-21 19:30:04] [cogs.game] ERROR: Database error (attempt 1): UNIQUE constraint failed: games.link
[2026-02-21 19:30:04] [cogs.game] ERROR: Database error (attempt 2): UNIQUE constraint failed: games.link
[2026-02-21 19:30:05] [cogs.game] ERROR: Database error (attempt 3): UNIQUE constraint failed: games.link
[2026-02-21 19:30:05] [cogs.game] WARNING: Failed to import game 'Blush Blush': Database operation failed after 3 attempts: UNIQUE constraint failed: games.link
[2026-02-21 19:30:05] [cogs.game] ERROR: Database error (attempt 1): UNIQUE constraint failed: games.link
[2026-02-21 19:30:06] [cogs.game] ERROR: Database error (attempt 2): UNIQUE constraint failed: games.link
[2026-02-21 19:30:07] [cogs.game] ERROR: Database error (attempt 3): UNIQUE constraint failed: games.link
[2026-02-21 19:30:07] [cogs.game] WARNING: Failed to import game 'Fap Queen': Database operation failed after 3 attempts: UNIQUE constraint failed: games.link
[2026-02-21 19:30:07] [cogs.game] ERROR: Database error (attempt 1): UNIQUE constraint failed: games.link
[2026-02-21 19:30:07] [cogs.game] ERROR: Database error (attempt 2): UNIQUE constraint failed: games.link
[2026-02-21 19:30:08] [cogs.game] ERROR: Database error (attempt 3): UNIQUE constraint failed: games.link
[2026-02-21 19:30:08] [cogs.game] WARNING: Failed to import game 'Booty Farm': Database operation failed after 3 attempts: UNIQUE constraint failed: games.link
[2026-02-21 19:30:08] [cogs.game] ERROR: Database error (attempt 1): UNIQUE constraint failed: games.link
[2026-02-21 19:30:09] [cogs.game] ERROR: Database error (attempt 2): UNIQUE constraint failed: games.link
[2026-02-21 19:30:10] [cogs.game] ERROR: Database error (attempt 3): UNIQUE constraint failed: games.link
[2026-02-21 19:30:10] [cogs.game] WARNING: Failed to import game 'Love & Sex: Second Base': Database operation failed after 3 attempts: UNIQUE constraint failed: games.link
[2026-02-21 19:30:10] [cogs.game] ERROR: Database error (attempt 1): UNIQUE constraint failed: games.link
[2026-02-21 19:30:10] [cogs.game] ERROR: Database error (attempt 2): UNIQUE constraint failed: games.link
[2026-02-21 19:30:11] [cogs.game] ERROR: Database error (attempt 3): UNIQUE constraint failed: games.link
[2026-02-21 19:30:11] [cogs.game] WARNING: Failed to import game 'Fap Fantasy': Database operation failed after 3 attempts: UNIQUE constraint failed: games.link
[2026-02-21 19:30:11] [cogs.game] ERROR: Database error (attempt 1): UNIQUE constraint failed: games.link
[2026-02-21 19:30:12] [cogs.game] ERROR: Database error (attempt 2): UNIQUE constraint failed: games.link
[2026-02-21 19:30:13] [cogs.game] ERROR: Database error (attempt 3): UNIQUE constraint failed: games.link
[2026-02-21 19:30:13] [cogs.game] WARNING: Failed to import game 'Girls Connect': Database operation failed after 3 attempts: UNIQUE constraint failed: games.link
[2026-02-21 19:30:13] [cogs.game] ERROR: Database error (attempt 1): UNIQUE constraint failed: games.link
[2026-02-21 19:30:13] [cogs.game] ERROR: Database error (attempt 2): UNIQUE constraint failed: games.link
[2026-02-21 19:30:14] [cogs.game] ERROR: Database error (attempt 3): UNIQUE constraint failed: games.link
[2026-02-21 19:30:14] [cogs.game] WARNING: Failed to import game 'Fap Office': Database operation failed after 3 attempts: UNIQUE constraint failed: games.link
[2026-02-21 19:30:14] [cogs.game] INFO: Imported 0 games, 20 errors
[2026-02-21 19:30:14] [cogs.game] INFO: Imported 0 games from JSON on startup
[2026-02-21 19:30:14] [cogs.game] INFO: GameCog loaded successfully
[2026-02-21 19:30:14] [cogs.game] INFO: GameCog setup completed successfully
[2026-02-21 19:30:14] [discord_bot] [32mINFO[0m: ✅ Loaded: game
[2026-02-21 19:30:14] [Rule34Debug] INFO: 🔧 Rule34 Debug version initialized
[2026-02-21 19:30:14] [Rule34Debug] INFO: 🚀 Rule34 Debug session initialized
[2026-02-21 19:30:14] [discord_bot] [32mINFO[0m: ✅ Loaded: instructor
[2026-02-21 19:30:14] [discord_bot] [32mINFO[0m: ✅ Loaded: nutaku
[2026-02-21 19:30:14] [discord_bot] [32mINFO[0m: ✅ Loaded: r34
[2026-02-21 19:30:14] [cogs.roleplay_cog_sqlite] INFO: Database initialized successfully
[2026-02-21 19:30:14] [cogs.roleplay_cog_sqlite] WARNING: GEMINI_API_KEY not found in environment variables
[2026-02-21 19:30:14] [cogs.roleplay_cog_sqlite] INFO: RoleplaySQL cog loaded
[2026-02-21 19:30:14] [cogs.roleplay_cog_sqlite] INFO: RoleplaySQL cog loaded successfully!
[2026-02-21 19:30:14] [discord_bot] [32mINFO[0m: ✅ Loaded: roleplay_cog_sqlite
[2026-02-21 19:30:14] [discord_bot] [32mINFO[0m: ✅ Loaded: verification
[2026-02-21 19:30:15] [discord_bot] [32mINFO[0m: Extension loading complete: 7 loaded, 0 failed
[2026-02-21 19:30:15] [discord_bot] [32mINFO[0m: Bot setup completed
[2026-02-21 19:30:15] [discord_bot] DEBUG: Cleanup task executed
[2026-02-21 19:30:15] [discord_bot] [32mINFO[0m: Database backed up to backups/backup_20260221.json
[2026-02-21 19:30:16] [discord.gateway] INFO: Shard ID None has connected to Gateway (Session ID: 82c09f776f651402652808e44502814d).
[2026-02-21 19:30:18] [discord_bot] [32mINFO[0m: ✅ Logged in as natsu#8011 (ID: 1309808442751455243)
[2026-02-21 19:30:18] [cogs.game] INFO: Cleanup task completed
[2026-02-21 19:30:19] [discord_bot] [32mINFO[0m: ✅ Synced 13 global commands
[2026-02-21 19:30:19] [discord_bot] DEBUG: Command sync took 1021.76ms
[2026-02-21 19:30:19] [discord_bot] [32mINFO[0m: Connected to 4 guilds:
[2026-02-21 19:30:19] [discord_bot] [32mINFO[0m:   • ⚛  🎀  𝒮𝐸𝒢𝒢𝒴  🎀  ⚛ (1373276652796121210) - 27 members
[2026-02-21 19:30:19] [discord_bot] [32mINFO[0m:   • kirigakure: the hidden mist village (1331194168218751100) - 25 members
[2026-02-21 19:30:19] [discord_bot] [32mINFO[0m:   • Raiduuuuwu (1306841087490392145) - 11 members
[2026-02-21 19:30:19] [discord_bot] [32mINFO[0m:   • gamer 1 (1303326543069708329) - 8 members
[2026-02-21 19:35:15] [discord_bot] DEBUG: Cleanup task executed
[2026-02-21 19:40:15] [discord_bot] DEBUG: Cleanup task executed
[2026-02-21 19:45:15] [discord_bot] DEBUG: Cleanup task executed
[2026-02-21 19:50:48] [CFChecker] INFO: 🛡️ Cloudflare Checker initialized
[2026-02-21 19:50:48] [CFChecker] INFO: 🚀 CF Checker session initialized
[2026-02-21 19:50:48] [discord_bot] [32mINFO[0m: ✅ Loaded: Detection_Cog
[2026-02-21 19:50:51] [cogs.game] INFO: Database initialized successfully
[2026-02-21 19:50:51] [cogs.game] ERROR: Database error (attempt 1): UNIQUE constraint failed: games.link
[2026-02-21 19:50:51] [cogs.game] ERROR: Database error (attempt 2): UNIQUE constraint failed: games.link
[2026-02-21 19:50:52] [cogs.game] ERROR: Database error (attempt 3): UNIQUE constraint failed: games.link
[2026-02-21 19:50:52] [cogs.game] WARNING: Failed to import game 'Peerless Lust': Database operation failed after 3 attempts: UNIQUE constraint failed: games.link
[2026-02-21 19:50:52] [cogs.game] ERROR: Database error (attempt 1): UNIQUE constraint failed: games.link
[2026-02-21 19:50:53] [cogs.game] ERROR: Database error (attempt 2): UNIQUE constraint failed: games.link
[2026-02-21 19:50:54] [cogs.game] ERROR: Database error (attempt 3): UNIQUE constraint failed: games.link
[2026-02-21 19:50:54] [cogs.game] WARNING: Failed to import game 'Goddess Whim': Database operation failed after 3 attempts: UNIQUE constraint failed: games.link
[2026-02-21 19:50:54] [cogs.game] ERROR: Database error (attempt 1): UNIQUE constraint failed: games.link
[2026-02-21 19:50:54] [cogs.game] ERROR: Database error (attempt 2): UNIQUE constraint failed: games.link
[2026-02-21 19:50:55] [cogs.game] ERROR: Database error (attempt 3): UNIQUE constraint failed: games.link
[2026-02-21 19:50:55] [cogs.game] WARNING: Failed to import game 'Booty Calls': Database operation failed after 3 attempts: UNIQUE constraint failed: games.link
[2026-02-21 19:50:55] [cogs.game] ERROR: Database error (attempt 1): UNIQUE constraint failed: games.link
[2026-02-21 19:50:56] [cogs.game] ERROR: Database error (attempt 2): UNIQUE constraint failed: games.link
[2026-02-21 19:50:57] [cogs.game] ERROR: Database error (attempt 3): UNIQUE constraint failed: games.link
[2026-02-21 19:50:57] [cogs.game] WARNING: Failed to import game 'Fap CEO': Database operation failed after 3 attempts: UNIQUE constraint failed: games.link
[2026-02-21 19:50:57] [cogs.game] ERROR: Database error (attempt 1): UNIQUE constraint failed: games.link
[2026-02-21 19:50:57] [cogs.game] ERROR: Database error (attempt 2): UNIQUE constraint failed: games.link
[2026-02-21 19:50:58] [cogs.game] ERROR: Database error (attempt 3): UNIQUE constraint failed: games.link
[2026-02-21 19:50:58] [cogs.game] WARNING: Failed to import game 'Crush Crush': Database operation failed after 3 attempts: UNIQUE constraint failed: games.link
[2026-02-21 19:50:59] [cogs.game] ERROR: Database error (attempt 1): UNIQUE constraint failed: games.link
[2026-02-21 19:51:00] [cogs.game] ERROR: Database error (attempt 2): UNIQUE constraint failed: games.link
[2026-02-21 19:51:01] [cogs.game] ERROR: Database error (attempt 3): UNIQUE constraint failed: games.link
[2026-02-21 19:51:01] [cogs.game] WARNING: Failed to import game 'Harem Heroes': Database operation failed after 3 attempts: UNIQUE constraint failed: games.link
[2026-02-21 19:51:01] [cogs.game] ERROR: Database error (attempt 1): UNIQUE constraint failed: games.link
[2026-02-21 19:51:01] [cogs.game] ERROR: Database error (attempt 2): UNIQUE constraint failed: games.link
[2026-02-21 19:51:02] [cogs.game] ERROR: Database error (attempt 3): UNIQUE constraint failed: games.link
[2026-02-21 19:51:02] [cogs.game] WARNING: Failed to import game 'Panthea: Erotic Visual Novel': Database operation failed after 3 attempts: UNIQUE constraint failed: games.link
[2026-02-21 19:51:02] [cogs.game] ERROR: Database error (attempt 1): UNIQUE constraint failed: games.link
[2026-02-21 19:51:03] [cogs.game] ERROR: Database error (attempt 2): UNIQUE constraint failed: games.link
[2026-02-21 19:51:04] [cogs.game] ERROR: Database error (attempt 3): UNIQUE constraint failed: games.link
[2026-02-21 19:51:04] [cogs.game] WARNING: Failed to import game 'Project QT': Database operation failed after 3 attempts: UNIQUE constraint failed: games.link
[2026-02-21 19:51:04] [cogs.game] ERROR: Database error (attempt 1): UNIQUE constraint failed: games.link
[2026-02-21 19:51:04] [cogs.game] ERROR: Database error (attempt 2): UNIQUE constraint failed: games.link
[2026-02-21 19:51:05] [cogs.game] ERROR: Database error (attempt 3): UNIQUE constraint failed: games.link
[2026-02-21 19:51:05] [cogs.game] WARNING: Failed to import game 'Detective Girl of the Steam City': Database operation failed after 3 attempts: UNIQUE constraint failed: games.link
[2026-02-21 19:51:05] [cogs.game] ERROR: Database error (attempt 1): UNIQUE constraint failed: games.link
[2026-02-21 19:51:06] [cogs.game] ERROR: Database error (attempt 2): UNIQUE constraint failed: games.link
[2026-02-21 19:51:07] [cogs.game] ERROR: Database error (attempt 3): UNIQUE constraint failed: games.link
[2026-02-21 19:51:07] [cogs.game] WARNING: Failed to import game 'Evenicle': Database operation failed after 3 attempts: UNIQUE constraint failed: games.link
[2026-02-21 19:51:07] [cogs.game] ERROR: Database error (attempt 1): UNIQUE constraint failed: games.link
[2026-02-21 19:51:08] [cogs.game] ERROR: Database error (attempt 2): UNIQUE constraint failed: games.link
[2026-02-21 19:51:09] [cogs.game] ERROR: Database error (attempt 3): UNIQUE constraint failed: games.link
[2026-02-21 19:51:09] [cogs.game] WARNING: Failed to import game 'Fap Titans': Database operation failed after 3 attempts: UNIQUE constraint failed: games.link
[2026-02-21 19:51:09] [cogs.game] ERROR: Database error (attempt 1): UNIQUE constraint failed: games.link
[2026-02-21 19:51:09] [cogs.game] ERROR: Database error (attempt 2): UNIQUE constraint failed: games.link
[2026-02-21 19:51:10] [cogs.game] ERROR: Database error (attempt 3): UNIQUE constraint failed: games.link
[2026-02-21 19:51:10] [cogs.game] WARNING: Failed to import game 'Kamihime Project': Database operation failed after 3 attempts: UNIQUE constraint failed: games.link
[2026-02-21 19:51:10] [cogs.game] ERROR: Database error (attempt 1): UNIQUE constraint failed: games.link
[2026-02-21 19:51:11] [cogs.game] ERROR: Database error (attempt 2): UNIQUE constraint failed: games.link
[2026-02-21 19:51:12] [cogs.game] ERROR: Database error (attempt 3): UNIQUE constraint failed: games.link
[2026-02-21 19:51:12] [cogs.game] WARNING: Failed to import game 'Fapland': Database operation failed after 3 attempts: UNIQUE constraint failed: games.link
[2026-02-21 19:51:12] [cogs.game] ERROR: Database error (attempt 1): UNIQUE constraint failed: games.link
[2026-02-21 19:51:12] [cogs.game] ERROR: Database error (attempt 2): UNIQUE constraint failed: games.link
[2026-02-21 19:51:13] [cogs.game] ERROR: Database error (attempt 3): UNIQUE constraint failed: games.link
[2026-02-21 19:51:13] [cogs.game] WARNING: Failed to import game 'Blush Blush': Database operation failed after 3 attempts: UNIQUE constraint failed: games.link
[2026-02-21 19:51:13] [cogs.game] ERROR: Database error (attempt 1): UNIQUE constraint failed: games.link
[2026-02-21 19:51:14] [cogs.game] ERROR: Database error (attempt 2): UNIQUE constraint failed: games.link
[2026-02-21 19:51:15] [cogs.game] ERROR: Database error (attempt 3): UNIQUE constraint failed: games.link
[2026-02-21 19:51:15] [cogs.game] WARNING: Failed to import game 'Fap Queen': Database operation failed after 3 attempts: UNIQUE constraint failed: games.link
[2026-02-21 19:51:15] [cogs.game] ERROR: Database error (attempt 1): UNIQUE constraint failed: games.link
[2026-02-21 19:51:15] [cogs.game] ERROR: Database error (attempt 2): UNIQUE constraint failed: games.link
[2026-02-21 19:51:16] [cogs.game] ERROR: Database error (attempt 3): UNIQUE constraint failed: games.link
[2026-02-21 19:51:16] [cogs.game] WARNING: Failed to import game 'Booty Farm': Database operation failed after 3 attempts: UNIQUE constraint failed: games.link
[2026-02-21 19:51:16] [cogs.game] ERROR: Database error (attempt 1): UNIQUE constraint failed: games.link
[2026-02-21 19:51:17] [cogs.game] ERROR: Database error (attempt 2): UNIQUE constraint failed: games.link
[2026-02-21 19:51:18] [cogs.game] ERROR: Database error (attempt 3): UNIQUE constraint failed: games.link
[2026-02-21 19:51:18] [cogs.game] WARNING: Failed to import game 'Love & Sex: Second Base': Database operation failed after 3 attempts: UNIQUE constraint failed: games.link
[2026-02-21 19:51:18] [cogs.game] ERROR: Database error (attempt 1): UNIQUE constraint failed: games.link
[2026-02-21 19:51:18] [cogs.game] ERROR: Database error (attempt 2): UNIQUE constraint failed: games.link
[2026-02-21 19:51:19] [cogs.game] ERROR: Database error (attempt 3): UNIQUE constraint failed: games.link
[2026-02-21 19:51:19] [cogs.game] WARNING: Failed to import game 'Fap Fantasy': Database operation failed after 3 attempts: UNIQUE constraint failed: games.link
[2026-02-21 19:51:19] [cogs.game] ERROR: Database error (attempt 1): UNIQUE constraint failed: games.link
[2026-02-21 19:51:20] [cogs.game] ERROR: Database error (attempt 2): UNIQUE constraint failed: games.link
[2026-02-21 19:51:21] [cogs.game] ERROR: Database error (attempt 3): UNIQUE constraint failed: games.link
[2026-02-21 19:51:21] [cogs.game] WARNING: Failed to import game 'Girls Connect': Database operation failed after 3 attempts: UNIQUE constraint failed: games.link
[2026-02-21 19:51:21] [cogs.game] ERROR: Database error (attempt 1): UNIQUE constraint failed: games.link
[2026-02-21 19:51:21] [cogs.game] ERROR: Database error (attempt 2): UNIQUE constraint failed: games.link
[2026-02-21 19:51:23] [cogs.game] ERROR: Database error (attempt 3): UNIQUE constraint failed: games.link
[2026-02-21 19:51:23] [cogs.game] WARNING: Failed to import game 'Fap Office': Database operation failed after 3 attempts: UNIQUE constraint failed: games.link
[2026-02-21 19:51:23] [cogs.game] INFO: Imported 0 games, 20 errors
[2026-02-21 19:51:23] [cogs.game] INFO: Imported 0 games from JSON on startup
[2026-02-21 19:51:23] [cogs.game] INFO: GameCog loaded successfully
[2026-02-21 19:51:23] [cogs.game] INFO: GameCog setup completed successfully
[2026-02-21 19:51:23] [discord_bot] [32mINFO[0m: ✅ Loaded: game
[2026-02-21 19:51:23] [Rule34Debug] INFO: 🔧 Rule34 Debug version initialized
[2026-02-21 19:51:23] [Rule34Debug] INFO: 🚀 Rule34 Debug session initialized
[2026-02-21 19:51:23] [discord_bot] [32mINFO[0m: ✅ Loaded: instructor
[2026-02-21 19:51:23] [discord_bot] [32mINFO[0m: ✅ Loaded: nutaku
[2026-02-21 19:51:23] [discord_bot] [32mINFO[0m: ✅ Loaded: r34
[2026-02-21 19:51:23] [cogs.roleplay_cog_sqlite] INFO: Database initialized successfully
[2026-02-21 19:51:23] [cogs.roleplay_cog_sqlite] WARNING: GEMINI_API_KEY not found in environment variables
[2026-02-21 19:51:23] [cogs.roleplay_cog_sqlite] INFO: RoleplaySQL cog loaded
[2026-02-21 19:51:23] [cogs.roleplay_cog_sqlite] INFO: RoleplaySQL cog loaded successfully!
[2026-02-21 19:51:23] [discord_bot] [32mINFO[0m: ✅ Loaded: roleplay_cog_sqlite
[2026-02-21 19:51:23] [discord_bot] [32mINFO[0m: ✅ Loaded: verification
[2026-02-21 19:51:23] [discord_bot] [32mINFO[0m: Extension loading complete: 7 loaded, 0 failed
[2026-02-21 19:51:23] [discord_bot] [32mINFO[0m: Bot setup completed
[2026-02-21 19:51:23] [discord_bot] DEBUG: Cleanup task executed
[2026-02-21 19:51:23] [discord_bot] [32mINFO[0m: Database backed up to backups/backup_20260221.json
[2026-02-21 19:51:24] [discord.gateway] INFO: Shard ID None has connected to Gateway (Session ID: ecfff0f3983e052316793892e671035d).
[2026-02-21 19:51:26] [discord_bot] [32mINFO[0m: ✅ Logged in as natsu#8011 (ID: 1309808442751455243)
[2026-02-21 19:51:26] [cogs.game] INFO: Cleanup task completed
[2026-02-21 19:51:26] [discord_bot] [32mINFO[0m: ✅ Synced 13 global commands
[2026-02-21 19:51:26] [discord_bot] DEBUG: Command sync took 522.91ms
[2026-02-21 19:51:26] [discord_bot] [32mINFO[0m: Connected to 4 guilds:
[2026-02-21 19:51:26] [discord_bot] [32mINFO[0m:   • ⚛  🎀  𝒮𝐸𝒢𝒢𝒴  🎀  ⚛ (1373276652796121210) - 27 members
[2026-02-21 19:51:26] [discord_bot] [32mINFO[0m:   • kirigakure: the hidden mist village (1331194168218751100) - 25 members
[2026-02-21 19:51:26] [discord_bot] [32mINFO[0m:   • Raiduuuuwu (1306841087490392145) - 11 members
[2026-02-21 19:51:26] [discord_bot] [32mINFO[0m:   • gamer 1 (1303326543069708329) - 8 members
[2026-02-21 19:53:03] [CFChecker] INFO: 🛡️ Cloudflare Checker initialized
[2026-02-21 19:53:03] [CFChecker] INFO: 🚀 CF Checker session initialized
[2026-02-21 19:53:03] [discord_bot] [32mINFO[0m: ✅ Loaded: Detection_Cog
[2026-02-21 19:53:05] [cogs.game] INFO: Database initialized successfully
[2026-02-21 19:53:06] [cogs.game] INFO: Imported 20 games, 0 errors
[2026-02-21 19:53:06] [cogs.game] INFO: Imported 20 games from JSON on startup
[2026-02-21 19:53:06] [cogs.game] INFO: GameCog loaded successfully
[2026-02-21 19:53:06] [cogs.game] INFO: GameCog setup completed successfully
[2026-02-21 19:53:06] [discord_bot] [32mINFO[0m: ✅ Loaded: game
[2026-02-21 19:53:06] [Rule34Debug] INFO: 🔧 Rule34 Debug version initialized
[2026-02-21 19:53:06] [Rule34Debug] INFO: 🚀 Rule34 Debug session initialized
[2026-02-21 19:53:06] [discord_bot] [32mINFO[0m: ✅ Loaded: instructor
[2026-02-21 19:53:06] [discord_bot] [32mINFO[0m: ✅ Loaded: nutaku
[2026-02-21 19:53:06] [discord_bot] [32mINFO[0m: ✅ Loaded: r34
[2026-02-21 19:53:06] [cogs.roleplay_cog_sqlite] INFO: Database initialized successfully
[2026-02-21 19:53:06] [cogs.roleplay_cog_sqlite] WARNING: GEMINI_API_KEY not found in environment variables
[2026-02-21 19:53:06] [cogs.roleplay_cog_sqlite] INFO: RoleplaySQL cog loaded
[2026-02-21 19:53:06] [cogs.roleplay_cog_sqlite] INFO: RoleplaySQL cog loaded successfully!
[2026-02-21 19:53:06] [discord_bot] [32mINFO[0m: ✅ Loaded: roleplay_cog_sqlite
[2026-02-21 19:53:06] [discord_bot] [32mINFO[0m: ✅ Loaded: verification
[2026-02-21 19:53:06] [discord_bot] [32mINFO[0m: Extension loading complete: 7 loaded, 0 failed
[2026-02-21 19:53:06] [discord_bot] [32mINFO[0m: Bot setup completed
[2026-02-21 19:53:06] [discord_bot] DEBUG: Cleanup task executed
[2026-02-21 19:53:06] [discord_bot] [32mINFO[0m: Database backed up to backups/backup_20260221.json
[2026-02-21 19:53:07] [discord.gateway] INFO: Shard ID None has connected to Gateway (Session ID: 67368f37991c8f25c9ae33b77906f689).
[2026-02-21 19:53:10] [discord_bot] [32mINFO[0m: ✅ Logged in as natsu#8011 (ID: 1309808442751455243)
[2026-02-21 19:53:10] [cogs.game] INFO: Cleanup task completed
[2026-02-21 19:53:10] [discord_bot] [32mINFO[0m: ✅ Synced 13 global commands
[2026-02-21 19:53:10] [discord_bot] DEBUG: Command sync took 660.11ms
[2026-02-21 19:53:10] [discord_bot] [32mINFO[0m: Connected to 4 guilds:
[2026-02-21 19:53:10] [discord_bot] [32mINFO[0m:   • ⚛  🎀  𝒮𝐸𝒢𝒢𝒴  🎀  ⚛ (1373276652796121210) - 27 members
[2026-02-21 19:53:10] [discord_bot] [32mINFO[0m:   • kirigakure: the hidden mist village (1331194168218751100) - 25 members
[2026-02-21 19:53:10] [discord_bot] [32mINFO[0m:   • Raiduuuuwu (1306841087490392145) - 11 members
[2026-02-21 19:53:10] [discord_bot] [32mINFO[0m:   • gamer 1 (1303326543069708329) - 8 members
[2026-02-21 19:58:06] [discord_bot] DEBUG: Cleanup task executed
[2026-02-21 20:03:06] [discord_bot] DEBUG: Cleanup task executed
[2026-02-21 20:08:06] [discord_bot] DEBUG: Cleanup task executed
[2026-02-21 20:13:06] [discord_bot] DEBUG: Cleanup task executed
[2026-02-21 20:18:06] [discord_bot] DEBUG: Cleanup task executed
[2026-02-21 20:23:06] [discord_bot] DEBUG: Cleanup task executed
[2026-02-21 20:28:06] [discord_bot] DEBUG: Cleanup task executed
[2026-02-21 20:33:06] [discord_bot] DEBUG: Cleanup task executed
[2026-02-21 20:38:06] [discord_bot] DEBUG: Cleanup task executed
[2026-02-21 20:43:06] [discord_bot] DEBUG: Cleanup task executed
[2026-02-21 20:44:45] [CFChecker] INFO: 🛡️ Cloudflare Checker initialized
[2026-02-21 20:44:45] [CFChecker] INFO: 🚀 CF Checker session initialized
[2026-02-21 20:44:45] [discord_bot] [32mINFO[0m: ✅ Loaded: Detection_Cog
[2026-02-21 20:44:48] [cogs.game] INFO: Database initialized successfully
[2026-02-21 20:44:48] [cogs.game] INFO: Imported 20 games, 0 errors
[2026-02-21 20:44:48] [cogs.game] INFO: Imported 20 games from JSON on startup
[2026-02-21 20:44:48] [cogs.game] INFO: GameCog loaded successfully
[2026-02-21 20:44:48] [cogs.game] INFO: GameCog setup completed successfully
[2026-02-21 20:44:48] [discord_bot] [32mINFO[0m: ✅ Loaded: game
[2026-02-21 20:44:48] [Rule34Debug] INFO: 🔧 Rule34 Debug version initialized
[2026-02-21 20:44:48] [Rule34Debug] INFO: 🚀 Rule34 Debug session initialized
[2026-02-21 20:44:48] [discord_bot] [32mINFO[0m: ✅ Loaded: instructor
[2026-02-21 20:44:48] [discord_bot] [32mINFO[0m: ✅ Loaded: nutaku
[2026-02-21 20:44:48] [discord_bot] [32mINFO[0m: ✅ Loaded: r34
[2026-02-21 20:44:48] [cogs.roleplay_cog_sqlite] INFO: Database initialized successfully
[2026-02-21 20:44:48] [cogs.roleplay_cog_sqlite] WARNING: GEMINI_API_KEY not found in environment variables
[2026-02-21 20:44:48] [cogs.roleplay_cog_sqlite] INFO: RoleplaySQL cog loaded
[2026-02-21 20:44:48] [cogs.roleplay_cog_sqlite] INFO: RoleplaySQL cog loaded successfully!
[2026-02-21 20:44:48] [discord_bot] [32mINFO[0m: ✅ Loaded: roleplay_cog_sqlite
[2026-02-21 20:44:48] [discord_bot] [32mINFO[0m: ✅ Loaded: verification
[2026-02-21 20:44:48] [discord_bot] [32mINFO[0m: Extension loading complete: 7 loaded, 0 failed
[2026-02-21 20:44:48] [discord_bot] [32mINFO[0m: Bot setup completed
[2026-02-21 20:44:48] [discord_bot] DEBUG: Cleanup task executed
[2026-02-21 20:44:48] [discord_bot] [32mINFO[0m: Database backed up to backups/backup_20260221.json
[2026-02-21 20:44:49] [discord.gateway] INFO: Shard ID None has connected to Gateway (Session ID: 909f4be87aba5187e0216a4cc8fdb26c).
[2026-02-21 20:44:51] [discord_bot] [32mINFO[0m: ✅ Logged in as natsu#8011 (ID: 1309808442751455243)
[2026-02-21 20:44:51] [cogs.game] INFO: Cleanup task completed
[2026-02-21 20:44:52] [discord_bot] [32mINFO[0m: ✅ Synced 13 global commands
[2026-02-21 20:44:52] [discord_bot] DEBUG: Command sync took 503.53ms
[2026-02-21 20:44:52] [discord_bot] [32mINFO[0m: Connected to 4 guilds:
[2026-02-21 20:44:52] [discord_bot] [32mINFO[0m:   • ⚛  🎀  𝒮𝐸𝒢𝒢𝒴  🎀  ⚛ (1373276652796121210) - 27 members
[2026-02-21 20:44:52] [discord_bot] [32mINFO[0m:   • kirigakure: the hidden mist village (1331194168218751100) - 25 members
[2026-02-21 20:44:52] [discord_bot] [32mINFO[0m:   • Raiduuuuwu (1306841087490392145) - 11 members
[2026-02-21 20:44:52] [discord_bot] [32mINFO[0m:   • gamer 1 (1303326543069708329) - 8 members
[2026-02-21 20:49:48] [discord_bot] DEBUG: Cleanup task executed
[2026-02-21 20:54:48] [discord_bot] DEBUG: Cleanup task executed
[2026-02-21 20:59:48] [discord_bot] DEBUG: Cleanup task executed
[2026-02-21 21:04:48] [discord_bot] DEBUG: Cleanup task executed
[2026-02-21 21:08:49] [CFChecker] INFO: 🛡️ Cloudflare Checker initialized
[2026-02-21 21:08:49] [CFChecker] INFO: 🚀 CF Checker session initialized
[2026-02-21 21:08:49] [discord_bot] [32mINFO[0m: ✅ Loaded: Detection_Cog
[2026-02-21 21:08:51] [cogs.game] INFO: Database initialized successfully
[2026-02-21 21:08:52] [cogs.game] INFO: Imported 20 games, 0 errors
[2026-02-21 21:08:52] [cogs.game] INFO: Imported 20 games from JSON on startup
[2026-02-21 21:08:52] [cogs.game] INFO: GameCog loaded successfully
[2026-02-21 21:08:52] [cogs.game] INFO: GameCog setup completed successfully
[2026-02-21 21:08:52] [discord_bot] [32mINFO[0m: ✅ Loaded: game
[2026-02-21 21:08:52] [Rule34Debug] INFO: 🔧 Rule34 Debug version initialized
[2026-02-21 21:08:52] [Rule34Debug] INFO: 🚀 Rule34 Debug session initialized
[2026-02-21 21:08:52] [discord_bot] [32mINFO[0m: ✅ Loaded: instructor
[2026-02-21 21:08:52] [discord_bot] [32mINFO[0m: ✅ Loaded: nutaku
[2026-02-21 21:08:52] [discord_bot] [32mINFO[0m: ✅ Loaded: r34
[2026-02-21 21:08:52] [cogs.roleplay_cog_sqlite] INFO: Database initialized successfully
[2026-02-21 21:08:52] [cogs.roleplay_cog_sqlite] WARNING: GEMINI_API_KEY not found in environment variables
[2026-02-21 21:08:52] [cogs.roleplay_cog_sqlite] INFO: RoleplaySQL cog loaded
[2026-02-21 21:08:52] [cogs.roleplay_cog_sqlite] INFO: RoleplaySQL cog loaded successfully!
[2026-02-21 21:08:52] [discord_bot] [32mINFO[0m: ✅ Loaded: roleplay_cog_sqlite
[2026-02-21 21:08:52] [discord_bot] [32mINFO[0m: ✅ Loaded: verification
[2026-02-21 21:08:52] [discord_bot] [32mINFO[0m: Extension loading complete: 7 loaded, 0 failed
[2026-02-21 21:08:52] [discord_bot] [32mINFO[0m: Bot setup completed
[2026-02-21 21:08:52] [discord_bot] DEBUG: Cleanup task executed
[2026-02-21 21:08:52] [discord_bot] [32mINFO[0m: Database backed up to backups/backup_20260221.json
[2026-02-21 21:08:53] [discord.gateway] INFO: Shard ID None has connected to Gateway (Session ID: ef41037e71a68a6fca6be01058366080).
[2026-02-21 21:08:55] [discord_bot] [32mINFO[0m: ✅ Logged in as natsu#8011 (ID: 1309808442751455243)
[2026-02-21 21:08:55] [cogs.game] INFO: Cleanup task completed
[2026-02-21 21:08:55] [discord_bot] [32mINFO[0m: ✅ Synced 23 global commands
[2026-02-21 21:08:55] [discord_bot] DEBUG: Command sync took 575.23ms
[2026-02-21 21:08:55] [discord_bot] [32mINFO[0m: Connected to 4 guilds:
[2026-02-21 21:08:55] [discord_bot] [32mINFO[0m:   • ⚛  🎀  𝒮𝐸𝒢𝒢𝒴  🎀  ⚛ (1373276652796121210) - 27 members
[2026-02-21 21:08:55] [discord_bot] [32mINFO[0m:   • kirigakure: the hidden mist village (1331194168218751100) - 25 members
[2026-02-21 21:08:55] [discord_bot] [32mINFO[0m:   • Raiduuuuwu (1306841087490392145) - 11 members
[2026-02-21 21:08:55] [discord_bot] [32mINFO[0m:   • gamer 1 (1303326543069708329) - 8 members
[2026-02-21 21:13:52] [discord_bot] DEBUG: Cleanup task executed
[2026-02-21 21:18:52] [discord_bot] DEBUG: Cleanup task executed
[2026-02-21 21:23:52] [discord_bot] DEBUG: Cleanup task executed
